instance_id,dtype_key,path,origin
n368H6PujR,Ctk8bPWW,/msm_home/runs/KMQ5eomS/_metasmith/task/data/g2SMkK5FCM9k/bbtools.env,leaf
0XSYXzbeyK,ljMsPidZ,/msm_home/runs/KMQ5eomS/_metasmith/task/data/g2SMkK5FCM9k/megahit.env,leaf
E1t8zNoNz2,ko7pQUgd,/msm_home/runs/KMQ5eomS/_metasmith/task/data/g2SMkK5FCM9k/metabat2.env,leaf
1e201dbd2d0d8736836dac4c33a6310fbbf6459aa3105685a48e520d10207d575224,MUbLkijl,/scratch/phyberos/databases/eggnog,leaf
1e2097a5c044ff45c7b611320fd84ec8ba7403677697128c445a2070439a0ea2c473,iHUKyqHN,/scratch/phyberos/gmcf3495/reads/S1_R1.fastq.gz,leaf
1e204a4904604e83de4b503c60ffab88660b9a54c7cf9c5ca963c230a37fee1513d7,iHUKyqHN,/scratch/phyberos/gmcf3495/reads/S2_R1.fastq.gz,leaf
1e208592b8f632dc804525c345fe363b75878aafe42d18fb9b941edaa37ea3f199c8,iHUKyqHN,/scratch/phyberos/gmcf3495/reads/S7_R1.fastq.gz,leaf
1e20d3dd5ede43ae263bf1865688837ccfc31af648a7ddaa873e685e13eabf5252c7,iHUKyqHN,/scratch/phyberos/gmcf3495/reads/S11_R1.fastq.gz,leaf
1e2058611e49aa09cf70623602ab0a3bbb5f8cc397b7b199986606d96c17c519dabc,iHUKyqHN,/scratch/phyberos/gmcf3495/reads/S25_R1.fastq.gz,leaf
1e20b444820e3a98380edd6149ba1b5fd1ad2ee06e1c8e130a498c3d87139d67c8b6,iHUKyqHN,/scratch/phyberos/gmcf3495/reads/S24_R1.fastq.gz,leaf
1e2026a917da954054b90226e2fc14f330fcc75d23d4f544b1247996753b11411a4f,iHUKyqHN,/scratch/phyberos/gmcf3495/reads/S6_R1.fastq.gz,leaf
1e20e6efd910fff585e34c99e8eea32258cf4e7535d020bb6cc57982ddb05ccf0f3e,iHUKyqHN,/scratch/phyberos/gmcf3495/reads/S12_R1.fastq.gz,leaf
1e20c922345b6205182368eb220c07bf76210c97a2071e12d8571c75b093f9ea185e,iHUKyqHN,/scratch/phyberos/gmcf3495/reads/S19_R1.fastq.gz,leaf
1e20a3f00ac1789832daae1ad9b14ddb1d9b8a25a3a6b3c5122e3aef94e0c3191247,iHUKyqHN,/scratch/phyberos/gmcf3495/reads/S8_R1.fastq.gz,leaf
1e20ce04f35ee061566c2b4bef2f3823141ba77892afba0b2e5baff6865f1fb1ffd0,iHUKyqHN,/scratch/phyberos/gmcf3495/reads/S23_R1.fastq.gz,leaf
1e20f1994b011a38871ad999568d3cb36db6478a2ce99f20abad7b8abdb881d02385,iHUKyqHN,/scratch/phyberos/gmcf3495/reads/S30_R1.fastq.gz,leaf
1e20f674216894ed178f7305a331ef5cde00843bbcafdebaf2e67b8174565f93bcfa,iHUKyqHN,/scratch/phyberos/gmcf3495/reads/S29_R1.fastq.gz,leaf
1e20fc04994c2e3cebca2969601ce19a68d36235de2274928f88e5e530bb22b3c98e,iHUKyqHN,/scratch/phyberos/gmcf3495/reads/S33_R1.fastq.gz,leaf
1e20d92c5ae83d77600c6e0113607c821f76777670b7bb34021686ecb312d5f25cfd,iHUKyqHN,/scratch/phyberos/gmcf3495/reads/NTC_R1.fastq.gz,leaf
1e200f26dc0af97e25269490a98eb8c6491c0d96f0cef26e6bfdb347422be8dac6d1,iHUKyqHN,/scratch/phyberos/gmcf3495/reads/S16_R1.fastq.gz,leaf
1e20c289ba2cc3830ecdbb493c72d571e456762bedeb8ac3843a3f6f6bc8847ba99f,iHUKyqHN,/scratch/phyberos/gmcf3495/reads/S3_R1.fastq.gz,leaf
1e20c13bd9cf8134e88a02b2db2c51cc96e516db8d6cb328c57f71e5cf5746f3f5c4,iHUKyqHN,/scratch/phyberos/gmcf3495/reads/S28_R1.fastq.gz,leaf
1e20a50a402e9c4ea2ef3450ac006242cfe2435c518f22412d3afddebae37a505093,iHUKyqHN,/scratch/phyberos/gmcf3495/reads/S4_R1.fastq.gz,leaf
1e20c94facbeca1bffbe8e4ed8e5edad5d790a9ff3b6460651da13bfb8f4340a547e,iHUKyqHN,/scratch/phyberos/gmcf3495/reads/S21_R1.fastq.gz,leaf
1e20b28d2e9bf495b76c3f8d7de268b808bd9992828e47edc30a362174ac57336a4e,iHUKyqHN,/scratch/phyberos/gmcf3495/reads/S17_R1.fastq.gz,leaf
1e2058d0e9d2b9b5a005bfdf48d888009b400b9da1c3b5fdbe19665f4c1dfe1e7b96,iHUKyqHN,/scratch/phyberos/gmcf3495/reads/S20_R1.fastq.gz,leaf
1e206ae7111adbf412c97a87185415087aa67cb614e1ddd932ec097c315713482e3f,iHUKyqHN,/scratch/phyberos/gmcf3495/reads/S31_R1.fastq.gz,leaf
1e20272cd4cbb3af10d5572ec92a4e7ceea19037a744c7dbec61b756902f3d98c1a7,iHUKyqHN,/scratch/phyberos/gmcf3495/reads/S9_R1.fastq.gz,leaf
1e204b19f3da04143c870af6515fdcf628e13568fb922f126535eb32578c4025c075,iHUKyqHN,/scratch/phyberos/gmcf3495/reads/S27_R1.fastq.gz,leaf
1e20777a78b296d9a8660d481d4a0e1e43e8bcc9decb6bd68d267cc1c63fac750156,iHUKyqHN,/scratch/phyberos/gmcf3495/reads/S26_R1.fastq.gz,leaf
1e2039bb409ac81fd787d4eaf538249f951582951edbd653dc3431a43eac5e35b60e,iHUKyqHN,/scratch/phyberos/gmcf3495/reads/S15_R1.fastq.gz,leaf
1e20811be7e6b89d398c2766574e9273dd6ef0372847c9788c331f5b8491dde97a90,iHUKyqHN,/scratch/phyberos/gmcf3495/reads/S10_R1.fastq.gz,leaf
1e2028bd5c13d8ee9e6cb655f5b67082e60bd0926b4f5566816edb860c192f26ba8b,iHUKyqHN,/scratch/phyberos/gmcf3495/reads/S14_R1.fastq.gz,leaf
1e20bdd7c35ea14fed0654e86e1fdb479c625d4702d15e782e745f6e22686f31496d,iHUKyqHN,/scratch/phyberos/gmcf3495/reads/S32_R1.fastq.gz,leaf
1e2083e94cc44378e2e3e0f87aa44640ace0a48557c5f59021ca950bfa6f7fdc1636,iHUKyqHN,/scratch/phyberos/gmcf3495/reads/S22_R1.fastq.gz,leaf
1e209ef348b864a86ddd72b6bf3f3d15a06180110e6d26e1472e16b5dbe87f757cee,iHUKyqHN,/scratch/phyberos/gmcf3495/reads/S18_R1.fastq.gz,leaf
1e20badeb1f8687110580c0200b63dad865d82090cc84b38dbcf4e5c07c972f0f2ca,iHUKyqHN,/scratch/phyberos/gmcf3495/reads/S13_R1.fastq.gz,leaf
1e20c54d11e53055bbbfd2f39932c7b542f728e2eb9317d32cf8dbb3ce23fea172e3,iHUKyqHN,/scratch/phyberos/gmcf3495/reads/S5_R1.fastq.gz,leaf
Ici94p2ZE8,pN0O2OQc,/msm_home/runs/KMQ5eomS/_metasmith/task/data/g2SMkK5FCM9k/diamond.env,leaf
r5SCalEpeb,u4CjAg6F,/msm_home/runs/KMQ5eomS/_metasmith/task/data/g2SMkK5FCM9k/bedtools.env,leaf
MLdrUYsnvk,TaWN3G4e,/msm_home/runs/KMQ5eomS/_metasmith/task/data/g2SMkK5FCM9k/polars.env,leaf
1e20ca0ce883ea2dc4e59a58231e9906861ca4daa2ab53fb143781787ac4238b5180,1Tw0lWc0,/home/phyberos/project-rpp/lib/diamond/uniref50.dmnd,leaf
1e2018f08dbf83adb9bdbb518a77b781946f3209721e10a5d254f6f471108166f907,fGx3P64L,/msm_home/runs/KMQ5eomS/_metasmith/task/data/9amgCUJ0qr63/S1_read_pair.json,leaf
1e20dd8006d0db58418af1c4fbeaccf57a5497fb2a574436657cdd26ad73b8068fef,fGx3P64L,/msm_home/runs/KMQ5eomS/_metasmith/task/data/9amgCUJ0qr63/S28_read_pair.json,leaf
1e20a5e88edbb16136a2a878498501c95fbb37f96879f006d67a2d66f116fa52844d,fGx3P64L,/msm_home/runs/KMQ5eomS/_metasmith/task/data/9amgCUJ0qr63/S2_read_pair.json,leaf
1e2092c8b2f702f8821991dc5ba5d6d20390aa0f2e5483ec540a97519f23b285f2b6,fGx3P64L,/msm_home/runs/KMQ5eomS/_metasmith/task/data/9amgCUJ0qr63/S26_read_pair.json,leaf
1e209f555c0cbb47d566e99c7dff944e50019b01d51f5582d43ca41cf6b645800d6d,fGx3P64L,/msm_home/runs/KMQ5eomS/_metasmith/task/data/9amgCUJ0qr63/S33_read_pair.json,leaf
1e206eb9fe384031af1e42a4bc442b7823c7fec7d673c979cd932eff628a1f2e5a51,fGx3P64L,/msm_home/runs/KMQ5eomS/_metasmith/task/data/9amgCUJ0qr63/S16_read_pair.json,leaf
1e2081335c57b85b69051c06924dbe3c35103ef9af8e561c8b91d38825da9fb50449,fGx3P64L,/msm_home/runs/KMQ5eomS/_metasmith/task/data/9amgCUJ0qr63/S14_read_pair.json,leaf
1e20c3ec688ac57c4a23b661edff06af435927501888a836f41c65410d63b59c8f80,fGx3P64L,/msm_home/runs/KMQ5eomS/_metasmith/task/data/9amgCUJ0qr63/S20_read_pair.json,leaf
1e2016a2c4e49caa4efbd9bffffc02f27bd2c4552555f0edf312e957b3a35ba0f69d,fGx3P64L,/msm_home/runs/KMQ5eomS/_metasmith/task/data/9amgCUJ0qr63/S21_read_pair.json,leaf
1e2028e08a811211447fa70ae75b5f5ec1aed16319365cc67d25240e650792d3e7ce,fGx3P64L,/msm_home/runs/KMQ5eomS/_metasmith/task/data/9amgCUJ0qr63/S12_read_pair.json,leaf
1e203c1461ba3543b25da0da6ae2f345234c66e130f90cb1bb47d357b5238ed3b944,fGx3P64L,/msm_home/runs/KMQ5eomS/_metasmith/task/data/9amgCUJ0qr63/S31_read_pair.json,leaf
1e202b9ab8f7e35c457d3cc589b1c2d9f4ed4f0bf3629671c2735dd8721d19eaa628,fGx3P64L,/msm_home/runs/KMQ5eomS/_metasmith/task/data/9amgCUJ0qr63/S4_read_pair.json,leaf
1e20c1d34902ab593b1b42c043af01420dc9a8fdad5f4b0947220343592747a645af,fGx3P64L,/msm_home/runs/KMQ5eomS/_metasmith/task/data/9amgCUJ0qr63/S9_read_pair.json,leaf
1e200b8ff4350e44e3b1183c39678c99adb60391795abbd4a878bb281f72e80a7ae7,fGx3P64L,/msm_home/runs/KMQ5eomS/_metasmith/task/data/9amgCUJ0qr63/NTC_read_pair.json,leaf
1e2042de909a282a538a8913788f04a939d2030d8717eb010cbd697227b1f24339c0,fGx3P64L,/msm_home/runs/KMQ5eomS/_metasmith/task/data/9amgCUJ0qr63/S8_read_pair.json,leaf
1e20d0915606b4d871f6c99340474c694d1ffffa7e78f26feb4c66514d7e62d01304,fGx3P64L,/msm_home/runs/KMQ5eomS/_metasmith/task/data/9amgCUJ0qr63/S27_read_pair.json,leaf
1e20e81fee7c696fafbb9faeb26bf7b2341d06faecf34b754aeb2c982461d213954e,fGx3P64L,/msm_home/runs/KMQ5eomS/_metasmith/task/data/9amgCUJ0qr63/S30_read_pair.json,leaf
1e20b9f02ad72d586d7075b2e9399307ccc6fc6e3b54c68044dd8f5e81d759e7c08a,fGx3P64L,/msm_home/runs/KMQ5eomS/_metasmith/task/data/9amgCUJ0qr63/S23_read_pair.json,leaf
1e20ad006261b62cfd2f4ed6f93d09cfbd2ecef2c8bcbce6eb82ffbfd631eba49810,fGx3P64L,/msm_home/runs/KMQ5eomS/_metasmith/task/data/9amgCUJ0qr63/S17_read_pair.json,leaf
1e20e37d9103eda0bc205dda48af132b09d63bb321c1f63b1780d93b6fcdaac22382,fGx3P64L,/msm_home/runs/KMQ5eomS/_metasmith/task/data/9amgCUJ0qr63/S6_read_pair.json,leaf
1e2034f386f15d422d3d50faa4ef0ca4d3c3076ad462a8732c2c1c3a2f84df90cb5a,fGx3P64L,/msm_home/runs/KMQ5eomS/_metasmith/task/data/9amgCUJ0qr63/S22_read_pair.json,leaf
1e2098d9ee91ce128e0450bf1c5c21adacc0a69cd3b6079e2430534c29c64da629d3,fGx3P64L,/msm_home/runs/KMQ5eomS/_metasmith/task/data/9amgCUJ0qr63/S32_read_pair.json,leaf
1e20584dde3d3fbc89c9bbca33c78ced587d5ccbca18e4f9a92b58aa773bc9395809,fGx3P64L,/msm_home/runs/KMQ5eomS/_metasmith/task/data/9amgCUJ0qr63/S3_read_pair.json,leaf
1e20cc9ba255672cc678357b140c06eb827be189b423deb58d8eefd530a6360740d4,fGx3P64L,/msm_home/runs/KMQ5eomS/_metasmith/task/data/9amgCUJ0qr63/S19_read_pair.json,leaf
1e20d24419b1864e4e232a2ac3d3544fe4fbe949816af7fa3a594759c7945478b54e,fGx3P64L,/msm_home/runs/KMQ5eomS/_metasmith/task/data/9amgCUJ0qr63/S29_read_pair.json,leaf
1e20965aca22829eceac2228ce6bbabe0ace046d8a5c993e5316ebfa96bc6bcfcfe1,fGx3P64L,/msm_home/runs/KMQ5eomS/_metasmith/task/data/9amgCUJ0qr63/S7_read_pair.json,leaf
1e20d8ea73a08445d3bf63a850c46f870b664cba975361f56d6461723093c6ac7b56,fGx3P64L,/msm_home/runs/KMQ5eomS/_metasmith/task/data/9amgCUJ0qr63/S10_read_pair.json,leaf
1e20cfe1d66dd79695e7d28824190a064366242390d70d783551782861d8a6aa1b27,fGx3P64L,/msm_home/runs/KMQ5eomS/_metasmith/task/data/9amgCUJ0qr63/S18_read_pair.json,leaf
1e20aa35b3387a42108fa33b1b4ecc3b510923af534c2f716270bfd8789a02188e40,fGx3P64L,/msm_home/runs/KMQ5eomS/_metasmith/task/data/9amgCUJ0qr63/S24_read_pair.json,leaf
1e201966ee1311d7d9cb638c62d11057441766628ebd8dcc1f15e7141f206a8bbf1a,fGx3P64L,/msm_home/runs/KMQ5eomS/_metasmith/task/data/9amgCUJ0qr63/S15_read_pair.json,leaf
1e20d6c9d65646d5e480d860b6e6fdd57041a309a498fec97d0cc7727bef5dbafdb0,fGx3P64L,/msm_home/runs/KMQ5eomS/_metasmith/task/data/9amgCUJ0qr63/S25_read_pair.json,leaf
1e208684b01573447a2ac29782dd2e40d222ec35130a7c149941da6d1c296d871627,fGx3P64L,/msm_home/runs/KMQ5eomS/_metasmith/task/data/9amgCUJ0qr63/S5_read_pair.json,leaf
1e20a59283366943229e43d08ed48d2cc1c49d04a1ffe444c58a27f534d47faa9726,fGx3P64L,/msm_home/runs/KMQ5eomS/_metasmith/task/data/9amgCUJ0qr63/S13_read_pair.json,leaf
1e2032b15b5643114f77f4db43a1217d116c385fcecef24e43e9f126ab9e72c293f3,fGx3P64L,/msm_home/runs/KMQ5eomS/_metasmith/task/data/9amgCUJ0qr63/S11_read_pair.json,leaf
c1zwVCYP9M,xqR7Pp3D,/msm_home/runs/KMQ5eomS/_metasmith/task/data/g2SMkK5FCM9k/proteinbert.env,leaf
yMlbnFFmQe,mhpKlfRx,/msm_home/runs/KMQ5eomS/_metasmith/task/data/g2SMkK5FCM9k/semibin.env,leaf
5IMyBJ0bhl,MeMsAmKj,/msm_home/runs/KMQ5eomS/_metasmith/task/data/g2SMkK5FCM9k/python_for_data_science.env,leaf
QKDoeJWxdR,8a0cCOq1,/msm_home/runs/KMQ5eomS/_metasmith/task/data/g2SMkK5FCM9k/samtools.env,leaf
kLXW7hZZu7,S4hiWdYt,/msm_home/runs/KMQ5eomS/_metasmith/task/data/g2SMkK5FCM9k/minimap2.env,leaf
1e209bfb3c8f04ca15560f9dbe9d24fdd9f6d5b706936d2f85431bc6d51de6ce814c,pZYd86UJ,/home/phyberos/project-rpp/lib/kraken2_2026,leaf
mCz6fVBdBz,4rxmwoX4,/msm_home/runs/KMQ5eomS/_metasmith/task/data/g2SMkK5FCM9k/pprodigal.env,leaf
p6UYJPRBov,vRyYV0jO,/msm_home/runs/KMQ5eomS/_metasmith/task/data/g2SMkK5FCM9k/kofamscan.env,leaf
1e20784d5ff6aef6b0057a01f6c9cf41abd8a18435f8a712627910a31545f679bc62,jh33jWJX,/home/phyberos/project-rpp/lib/kofamscan/ko_list.tsv,leaf
vaLSkaFoj8,PdgrK6Cu,/msm_home/runs/KMQ5eomS/_metasmith/task/data/g2SMkK5FCM9k/centrifuger.env,leaf
1e200b5dd661f3f6729c6c40e11d913bff9014b4208194ff78497fde3e3d93bac07b,giHCQ5sY,/msm_home/runs/KMQ5eomS/_metasmith/task/data/9amgCUJ0qr63/S1_read_metadata.json,leaf
1e20187f6cfb343252da8d5180caced3bc5b818a9b8ae96fb8b49a7b6d32ec98397e,giHCQ5sY,/msm_home/runs/KMQ5eomS/_metasmith/task/data/9amgCUJ0qr63/S2_read_metadata.json,leaf
1e200fd45496c94f40fb2905039774385d6e2ca2767f66761e1c63749ac55cb6f798,giHCQ5sY,/msm_home/runs/KMQ5eomS/_metasmith/task/data/9amgCUJ0qr63/S23_read_metadata.json,leaf
1e20da3d19b48fd0a7233ab2602086dce8e2110cb711fdf30e22f0460e0b3f40efdc,giHCQ5sY,/msm_home/runs/KMQ5eomS/_metasmith/task/data/9amgCUJ0qr63/S14_read_metadata.json,leaf
1e2094adefde8397ef6c3530878bc07987373ed08e44177b6e86dc5cdc154d37798a,giHCQ5sY,/msm_home/runs/KMQ5eomS/_metasmith/task/data/9amgCUJ0qr63/S26_read_metadata.json,leaf
1e205dcaaeb618b9c607c8612704afea93ae8999243096b2be9ece278d4e1782dd25,giHCQ5sY,/msm_home/runs/KMQ5eomS/_metasmith/task/data/9amgCUJ0qr63/S19_read_metadata.json,leaf
1e200dfa9975cc7968955648f4e3d832e10750786352cdbba1af3e921b895ec7b7d8,giHCQ5sY,/msm_home/runs/KMQ5eomS/_metasmith/task/data/9amgCUJ0qr63/S32_read_metadata.json,leaf
1e206fd38d5a2ed7b732fc1e4a8dcb2c41042da4075aece06b50034aae65807d6e73,giHCQ5sY,/msm_home/runs/KMQ5eomS/_metasmith/task/data/9amgCUJ0qr63/S20_read_metadata.json,leaf
1e200353909176fe0da997768a97de3d85f1aaf4a8381a9edde051ab90850a3a2048,giHCQ5sY,/msm_home/runs/KMQ5eomS/_metasmith/task/data/9amgCUJ0qr63/S5_read_metadata.json,leaf
1e201af31da99f7d07745a92cdad5b1801479269651fc8847af2f38930dac56976f4,giHCQ5sY,/msm_home/runs/KMQ5eomS/_metasmith/task/data/9amgCUJ0qr63/S3_read_metadata.json,leaf
1e206b20da7d38cd3e6b3fed616154dd51272488ce81574c12e5882a834d7592cd4c,giHCQ5sY,/msm_home/runs/KMQ5eomS/_metasmith/task/data/9amgCUJ0qr63/S9_read_metadata.json,leaf
1e20c8271472d0b4c7d5fbcb4bff84344e970fcca1486f2e0b3beb15c1aa45fe88d7,giHCQ5sY,/msm_home/runs/KMQ5eomS/_metasmith/task/data/9amgCUJ0qr63/S10_read_metadata.json,leaf
1e20166c878fdda6bc1badb1af29bf9aef6ab14ff1d3f0066589b5ac0aa70cf26794,giHCQ5sY,/msm_home/runs/KMQ5eomS/_metasmith/task/data/9amgCUJ0qr63/S25_read_metadata.json,leaf
1e20ad36e1a665aa1aa061942ec525b85f1117fad3c68a36a4e2c1fc57f7d8b90896,giHCQ5sY,/msm_home/runs/KMQ5eomS/_metasmith/task/data/9amgCUJ0qr63/S17_read_metadata.json,leaf
1e20a69469300cb794ad4c7ee2fb9ad92520951d7d8c2bba802afbb3526089ffa478,giHCQ5sY,/msm_home/runs/KMQ5eomS/_metasmith/task/data/9amgCUJ0qr63/NTC_read_metadata.json,leaf
1e20bbe373e94ae39b64088fa080534a2eaf655cfd0c48165569ef7699e895851155,giHCQ5sY,/msm_home/runs/KMQ5eomS/_metasmith/task/data/9amgCUJ0qr63/S30_read_metadata.json,leaf
1e203d6904b33f226bec7751c10b7f0c0c54940a5b8fb6a0fc3b555fcce3ec539732,giHCQ5sY,/msm_home/runs/KMQ5eomS/_metasmith/task/data/9amgCUJ0qr63/S8_read_metadata.json,leaf
1e20ced44906565554c3236dce80d4c09d25d543d12ee2386a965a176e062232de19,giHCQ5sY,/msm_home/runs/KMQ5eomS/_metasmith/task/data/9amgCUJ0qr63/S33_read_metadata.json,leaf
1e20abac46fbc895ee16bf6bbcf61bdc6b069a16bb092288b828fb8d4ee88b79d1e4,giHCQ5sY,/msm_home/runs/KMQ5eomS/_metasmith/task/data/9amgCUJ0qr63/S31_read_metadata.json,leaf
1e203b9af275fa654d1a3d1a219e3b9f3781bf36c3f8831fe9a2e1af40f7452ab362,giHCQ5sY,/msm_home/runs/KMQ5eomS/_metasmith/task/data/9amgCUJ0qr63/S28_read_metadata.json,leaf
1e206c6eef7109bea4a0bc9a7ad74af9a69c8d5f334146660dc6551e66339c077165,giHCQ5sY,/msm_home/runs/KMQ5eomS/_metasmith/task/data/9amgCUJ0qr63/S16_read_metadata.json,leaf
1e20218791bb4dbdc5da7731588a99724c18e16326886dacc866e3f1ba9d47f8507e,giHCQ5sY,/msm_home/runs/KMQ5eomS/_metasmith/task/data/9amgCUJ0qr63/S11_read_metadata.json,leaf
1e208e8c0b180927a68229833155ae28db23e6107188a16e7878d09b52ff4eafe783,giHCQ5sY,/msm_home/runs/KMQ5eomS/_metasmith/task/data/9amgCUJ0qr63/S22_read_metadata.json,leaf
1e209e0effd087bfb18dfff524b89c0b8ef6d61b6ee71ab6f62ae4d8b1665787e8cf,giHCQ5sY,/msm_home/runs/KMQ5eomS/_metasmith/task/data/9amgCUJ0qr63/S29_read_metadata.json,leaf
1e202180ed953a9607749dd28f0e195c59a90e91a8d1552c29686dfd0791c277093b,giHCQ5sY,/msm_home/runs/KMQ5eomS/_metasmith/task/data/9amgCUJ0qr63/S15_read_metadata.json,leaf
1e20e1782ac59c963015665ca49b446ed506e79d7fe81f59960717233bc2cc96cf93,giHCQ5sY,/msm_home/runs/KMQ5eomS/_metasmith/task/data/9amgCUJ0qr63/S13_read_metadata.json,leaf
1e208d511d09e8e34f17eb7738325a28e8ed60b7919533a22388cde9a67310267ece,giHCQ5sY,/msm_home/runs/KMQ5eomS/_metasmith/task/data/9amgCUJ0qr63/S6_read_metadata.json,leaf
1e2082a24e3b46879d4250e2a90baf290e92029bde5f887896c637f1a64fd8129489,giHCQ5sY,/msm_home/runs/KMQ5eomS/_metasmith/task/data/9amgCUJ0qr63/S24_read_metadata.json,leaf
1e202883e08d00ae6d87168ff93747edbab21f580375cde26d96c7a76b5cb37da696,giHCQ5sY,/msm_home/runs/KMQ5eomS/_metasmith/task/data/9amgCUJ0qr63/S27_read_metadata.json,leaf
1e2007e981d3db406b0fbe8fd0549e6aa1fb308d38545aca8aacb55c9317f18cbd50,giHCQ5sY,/msm_home/runs/KMQ5eomS/_metasmith/task/data/9amgCUJ0qr63/S4_read_metadata.json,leaf
1e208860c4445edab67176596aeb1c48cd2e9b9c00b004632a6cfccad7858524ed92,giHCQ5sY,/msm_home/runs/KMQ5eomS/_metasmith/task/data/9amgCUJ0qr63/S12_read_metadata.json,leaf
1e20ff9b5ff1a08e3d0f672ec766ab23719fc695e03ff8329c328d9eac5eb68b3390,giHCQ5sY,/msm_home/runs/KMQ5eomS/_metasmith/task/data/9amgCUJ0qr63/S18_read_metadata.json,leaf
1e20265bf00ca421f41887941a19e45048517685fbb9362303ad441a83c9b564620d,giHCQ5sY,/msm_home/runs/KMQ5eomS/_metasmith/task/data/9amgCUJ0qr63/S7_read_metadata.json,leaf
1e20fb420a09fe05d0a13c3a5c919e1320a4ba3d978c9fdf66a4db1f9094974bddac,giHCQ5sY,/msm_home/runs/KMQ5eomS/_metasmith/task/data/9amgCUJ0qr63/S21_read_metadata.json,leaf
Rr61ta71TD,OSWt9bin,/msm_home/runs/KMQ5eomS/_metasmith/task/data/g2SMkK5FCM9k/comebin.env,leaf
8UtHseItje,TH2B0fuZ,/msm_home/runs/KMQ5eomS/_metasmith/task/data/g2SMkK5FCM9k/checkm.env,leaf
1e201a77e5a8a52c701c5aae338a656a158b7981ae0f72d4cfab971c54ff27822cbc,BCMqzpAJ,/scratch/phyberos/gmcf3495/reads/S1_R2.fastq.gz,leaf
1e20fce165eaea5aa765b6d6d04028da665a3a85933c202578ea6a2db42dc960a79b,BCMqzpAJ,/scratch/phyberos/gmcf3495/reads/S18_R2.fastq.gz,leaf
1e20d9ecc928c144320bdede70efe598d763bb6a8a9646d253abcd1e5dffb8568cf1,BCMqzpAJ,/scratch/phyberos/gmcf3495/reads/S29_R2.fastq.gz,leaf
1e20cab798652daae5ebb08381f07f15910a3e3c036ff043f403803478c3adfe661d,BCMqzpAJ,/scratch/phyberos/gmcf3495/reads/S5_R2.fastq.gz,leaf
1e2085e90bafb50ebbc65e1253c253d08ad502761c7b6d2f2164e38585a122490557,BCMqzpAJ,/scratch/phyberos/gmcf3495/reads/S21_R2.fastq.gz,leaf
1e200e14fe95cc9f671715a709434ec145af3bc3765441ba56fbdb91132711b295b9,BCMqzpAJ,/scratch/phyberos/gmcf3495/reads/S10_R2.fastq.gz,leaf
1e20b0c65ec524b7385af43e71f69813f45522f844cd0826e18c2187e6d4b9e0405e,BCMqzpAJ,/scratch/phyberos/gmcf3495/reads/S28_R2.fastq.gz,leaf
1e20bbb2752f1473b9b3266871ff63fff512385a0e04512a3a8202b7018a95bf12a5,BCMqzpAJ,/scratch/phyberos/gmcf3495/reads/S15_R2.fastq.gz,leaf
1e2086f7be236de1c2d8a2e4a11e80b969199876b703134037df5e61cbc587c97a15,BCMqzpAJ,/scratch/phyberos/gmcf3495/reads/S4_R2.fastq.gz,leaf
1e20e5a138358d05e5f50c0a14dc26f0f9ee7c2fabd2858c688ecbf1fde99180a9eb,BCMqzpAJ,/scratch/phyberos/gmcf3495/reads/S23_R2.fastq.gz,leaf
1e20b12478815d430c6d599ccb8ce95a845ce6c4b60aa8f234e898fea579c06e0e48,BCMqzpAJ,/scratch/phyberos/gmcf3495/reads/S26_R2.fastq.gz,leaf
1e202889e1e80e1c4dc307313eee734bb5ebe7bc2d28ea891936d57eb937f3b9d17e,BCMqzpAJ,/scratch/phyberos/gmcf3495/reads/S17_R2.fastq.gz,leaf
1e208677802fb785c1dca743016faa998603db63f75fec2914a6238b0aaa1548e72c,BCMqzpAJ,/scratch/phyberos/gmcf3495/reads/S20_R2.fastq.gz,leaf
1e203d47ceb1b7466c469a954b3828a8b951244b334f642dc07d3d00546c59c6b892,BCMqzpAJ,/scratch/phyberos/gmcf3495/reads/S33_R2.fastq.gz,leaf
1e2017ea8c0cafcc5c208cefb04ab04b47479b4d7deaccd92b67a978bacd2df1d26a,BCMqzpAJ,/scratch/phyberos/gmcf3495/reads/S2_R2.fastq.gz,leaf
1e20280da02e43a51f795f4cb7d54936793c82285e59f20a9d2946bcf7e855d47642,BCMqzpAJ,/scratch/phyberos/gmcf3495/reads/S30_R2.fastq.gz,leaf
1e20e5265db1f101c7f3d26e7485af36f5ea31f0237e6e7ac2b8f0440279167055d2,BCMqzpAJ,/scratch/phyberos/gmcf3495/reads/S27_R2.fastq.gz,leaf
1e20a4cdee9ae4747e84c9d1b85cc96625d46b99cd1678e107bcfdb578af714df71c,BCMqzpAJ,/scratch/phyberos/gmcf3495/reads/S3_R2.fastq.gz,leaf
1e20db1fd0e8d3c86a611aefade09e9d3e4cf1a06330c4458e2c0e15a3c3b9a3c2d7,BCMqzpAJ,/scratch/phyberos/gmcf3495/reads/S22_R2.fastq.gz,leaf
1e20b8003da1fb9e58d92796f644e6ec13ddb7f85eb3ba04b2e876256a847461aa6d,BCMqzpAJ,/scratch/phyberos/gmcf3495/reads/S11_R2.fastq.gz,leaf
1e2028448c8f10b4039abd350dc5414aeb11ed7dd3bf3bdd86209d89e5be8a7e8a04,BCMqzpAJ,/scratch/phyberos/gmcf3495/reads/S13_R2.fastq.gz,leaf
1e2046f01b0796e8f8b737b900c556e92ea31d975c0c1bca4fefa0027107fc0eb0a4,BCMqzpAJ,/scratch/phyberos/gmcf3495/reads/S25_R2.fastq.gz,leaf
1e207a871f754a9632881397e72ec468e3ca9914fa65f0405bb163e2b4d4e5fe5421,BCMqzpAJ,/scratch/phyberos/gmcf3495/reads/S9_R2.fastq.gz,leaf
1e2069874ad2363e6dc93ec6798054c8570642f50b740f52ca3a75b4f6a7f1e113be,BCMqzpAJ,/scratch/phyberos/gmcf3495/reads/S7_R2.fastq.gz,leaf
1e20a334f58b33d2f15dcb0d46b59c890ad849d27cb99a448398798cd34b64a9d8e5,BCMqzpAJ,/scratch/phyberos/gmcf3495/reads/S8_R2.fastq.gz,leaf
1e2000253d3c3044e929870588bc328b6a82e22927620ceee6bb9c45153620382ee5,BCMqzpAJ,/scratch/phyberos/gmcf3495/reads/S14_R2.fastq.gz,leaf
1e208ea8592ed87e35019d884b49a1bd12529712c9f8412e82c9b412142209d2654c,BCMqzpAJ,/scratch/phyberos/gmcf3495/reads/S6_R2.fastq.gz,leaf
1e2008b5164621586faf90c0bb061be28ef819f6e4bd4f6de530cb2fb225ad59624f,BCMqzpAJ,/scratch/phyberos/gmcf3495/reads/S24_R2.fastq.gz,leaf
1e20b7cb40d0cc4cc8e23448edefbb5c5fdd372fd9994bcbb070de28a6e3bcc9f583,BCMqzpAJ,/scratch/phyberos/gmcf3495/reads/S32_R2.fastq.gz,leaf
1e20f9efd4e672ddf43377d2b9a091871b13b896a2230b63603659eb1d6d2d981282,BCMqzpAJ,/scratch/phyberos/gmcf3495/reads/NTC_R2.fastq.gz,leaf
1e2023a79c8a5f8576106b878342a83b4ba1d17ac354af98bdcd790763eb971846a3,BCMqzpAJ,/scratch/phyberos/gmcf3495/reads/S16_R2.fastq.gz,leaf
1e20356b0a83cf0d07a1d5669f435d336406bed08b1457203ec55bcd0e7674dd84fd,BCMqzpAJ,/scratch/phyberos/gmcf3495/reads/S31_R2.fastq.gz,leaf
1e203336ec37bb325de750fd5b8907d2da5af0f8252cda980217dad3a7d18a8d7db7,BCMqzpAJ,/scratch/phyberos/gmcf3495/reads/S12_R2.fastq.gz,leaf
1e2069182fc1bbc3301c0102486fca1a7d1fdc9fd348a72d0b8e60eb56089ca50822,BCMqzpAJ,/scratch/phyberos/gmcf3495/reads/S19_R2.fastq.gz,leaf
bAb7cjjA5R,jjToDaBq,/msm_home/runs/KMQ5eomS/_metasmith/task/data/g2SMkK5FCM9k/bracken.env,leaf
8ZhHLllGxW,k7BVKRWm,/msm_home/runs/KMQ5eomS/_metasmith/task/data/g2SMkK5FCM9k/seqkit.env,leaf
1e20d3449a2583a8e05474efd6d37775ad508f67d968cdd2aeeccd47af0d7ba504f8,ZCm6cWO2,/home/phyberos/project-rpp/lib/kofamscan/profiles.tgz,leaf
t3efFxobVm,vxmQvwiv,/msm_home/runs/KMQ5eomS/_metasmith/task/data/g2SMkK5FCM9k/skani.env,leaf
hI9UjKg3vI,0XuCN1YX,/msm_home/runs/KMQ5eomS/_metasmith/task/data/g2SMkK5FCM9k/eggnog-mapper.env,leaf
1e20450866e8323381c7e5b3c68b5402cff2257cb28ad2f3062ff15803cc7fb5b932,bBIZm5Ye,/home/phyberos/project-rpp/lib/centrifuger_r232,leaf
YX7pjyeKoE,aDHNRGPm,/msm_home/runs/KMQ5eomS/_metasmith/task/data/g2SMkK5FCM9k/kraken2.env,leaf
