NC_000913.3_2	5232|Ambph1_GeneCatalog_proteins_20181206.aa.fasta|GT15	33.6	357	221	9	466	812	373	723	1.6e-51	209.1
NC_000913.3_10	1931|Capcor1_GeneCatalog_proteins_20160826.aa.fasta|GT22	36.4	184	99	5	5	172	67	248	2.9e-17	93.2
NC_000913.3_13	201643|Melli1_GeneCatalog_proteins_20150227.aa.fasta|GT1	45.4	608	297	11	5	591	1316	1909	3.9e-130	469.9
NC_000913.3_14	QRV89709.1|GH17	61.8	68	25	1	4	70	3	70	5.5e-15	86.7
NC_000913.3_20	AAN17394.1|GT77	100.0	113	0	0	1	113	51	163	9.2e-60	233.8
NC_000913.3_23	AEE54321.1|GT2	31.1	309	206	5	1	305	1	306	4.8e-41	172.9
NC_000913.3_24	6608|Capep1_GeneCatalog_proteins_20160826.aa.fasta|GT0	32.8	994	559	24	4	930	5	956	4.2e-141	506.9
NC_000913.3_28	UOH82663.1|GH0	30.4	339	166	10	5	273	5	343	5.4e-21	106.3
NC_000913.3_30	708934|Lopma1_GeneCatalog_proteins_20130805.aa.fasta|GH3	38.0	384	208	7	5	378	803	1166	8.1e-67	258.8
NC_000913.3_33	ALR08878.1|GT26	44.1	102	49	2	8	101	8	109	4.6e-13	79.3
NC_000913.3_34	CUS04591.1|CBM50	35.6	247	150	5	16	260	17	256	6.9e-33	145.6
NC_000913.3_35	CAE6256584.1|GT106	32.8	357	223	9	170	516	1706	2055	3.1e-37	161.0
NC_000913.3_43	10358|Aspnom13137_1_GeneCatalog_proteins_20160919.aa.fasta|GH131	22.8	413	282	12	61	440	69	477	6.2e-10	70.1
NC_000913.3_48	CAD7254892.1|GT51	47.5	80	41	1	44	122	97	176	1.6e-11	73.6
NC_000913.3_56	6274|Ambph1_GeneCatalog_proteins_20181206.aa.fasta|GT2	32.2	171	106	5	16	181	936	1101	2.7e-14	83.6
NC_000913.3_58	CAF2797714.1|GH20	23.6	641	365	24	200	782	512	1085	1.6e-24	119.4
NC_000913.3_62	QIL48108.1|GH0	27.9	136	91	3	156	285	136	270	7.5e-04	49.3
NC_000913.3_64	UTI62271.1|GT1	37.1	213	111	7	19	218	387	589	3.7e-22	109.8
NC_000913.3_69	UVS82500.1|GT2	34.1	361	235	1	25	385	17	374	1.3e-48	198.4
NC_000913.3_70	2304|Uncre1_GeneCatalog_proteins_20131024.aa.fasta|GH13_22|GT5	50.0	192	91	4	4	193	944	1132	1.7e-47	193.7
NC_000913.3_71	2304|Uncre1_GeneCatalog_proteins_20131024.aa.fasta|GH13_22|GT5	61.4	461	169	4	13	464	427	887	1.4e-158	563.9
NC_000913.3_72	10530|Claps1_GeneCatalog_proteins_20160826.aa.fasta|GH31_4	43.9	303	150	10	5	295	4	298	3.4e-54	216.9
NC_000913.3_75	1376|Claps1_GeneCatalog_proteins_20160826.aa.fasta|GT2	37.6	394	222	7	196	573	156	541	7.4e-64	249.6
NC_000913.3_77	AGT25470.1|GH32	30.6	317	213	6	3	316	484	796	1.5e-32	144.8
NC_000913.3_81	QFX95734.1|CBM50	34.4	540	341	8	31	565	20	551	3.1e-81	307.4
NC_000913.3_82	QIS39412.1|GT119	32.6	135	70	3	97	231	125	238	6.1e-06	57.0
NC_000913.3_83	QIS39412.1|GT119	29.0	314	191	15	89	386	124	421	8.6e-07	59.7
NC_000913.3_86	ATM11346.1|GT119	100.0	414	0	0	1	414	1	414	2.6e-228	795.4
NC_000913.3_87	QJY90131.1|GT28	100.0	355	0	0	1	355	1	355	3.4e-200	701.8
NC_000913.3_88	QGQ19590.1|GT28	40.0	475	258	9	10	472	414	873	8.0e-83	312.4
NC_000913.3_93	QGY21380.1|CE11	100.0	305	0	0	1	305	1	305	1.6e-174	616.3
NC_000913.3_95	641798|Neosp1_GeneCatalog_proteins_20170918.aa.fasta|CBM26	26.6	605	352	16	99	683	2494	3026	9.3e-37	160.2
NC_000913.3_96	ADX05725.1|GH5_38|3.2.1.4	33.7	86	55	2	1	85	67	151	1.8e-05	53.5
NC_000913.3_100	AUX29448.1|GT4	34.4	241	144	6	99	327	557	795	3.7e-26	123.6
NC_000913.3_103	ALR09638.1|GH24	33.1	142	88	3	1	135	1	142	8.7e-09	64.7
NC_000913.3_104	AFM03407|GT4	34.0	285	167	5	27	295	14	293	2.3e-40	170.6
NC_000913.3_107	AWK41767.1|GH13_3	39.1	445	266	2	9	448	17	461	1.3e-87	328.2
NC_000913.3_108	CUS02703.1|GH23	38.9	90	54	1	5	94	4	92	2.4e-06	57.4
NC_000913.3_110	CAD7280782.1|GT2	29.7	367	228	9	245	609	1178	1516	4.5e-30	137.5
NC_000913.3_111	CAD7280782.1|GT2	37.3	295	178	4	136	427	1506	1796	2.0e-46	191.4
NC_000913.3_116	CAD7248799.1|GT31|GT7	36.5	282	158	6	5	277	6	275	9.6e-44	181.8
NC_000913.3_118	WYZ45020.1|AA0	26.4	459	276	10	68	516	82	488	6.3e-30	136.7
NC_000913.3_121	QKX55728.1|GT76	38.3	193	116	2	8	199	47	237	1.8e-34	150.6
NC_000913.3_122	AJC53641.1|GT2	34.8	264	156	6	4	256	658	916	1.9e-29	134.4
NC_000913.3_125	BAM07922.1|CE4|GT4	31.8	233	139	8	170	396	414	632	2.6e-18	97.8
NC_000913.3_135	AMN37385.1|GT8	32.2	227	137	8	14	239	13	223	5.5e-24	115.9
NC_000913.3_138	1152625|Rusear1_GeneCatalog_proteins_20190529.aa.fasta|GT9	29.1	227	136	7	51	266	301	513	8.9e-12	76.3
NC_000913.3_143	2128|Stely1_GeneCatalog_proteins_20170711.aa.fasta|GT1	33.5	457	288	9	3	445	5416	5870	4.7e-56	224.2
NC_000913.3_144	QJY94085.1|GT51	100.0	844	0	0	1	844	1	844	0.0e+00	1515.4
NC_000913.3_146	511886|Calco1_GeneCatalog_proteins_20130417.aa.fasta|CBM91|GH43_14	24.2	244	164	6	12	247	1323	1553	1.7e-10	71.2
NC_000913.3_149	AFY93865.1|GT2	32.1	408	243	9	33	426	2184	2571	1.6e-47	194.9
NC_000913.3_159	BCJ38309.1|GT51	28.7	268	157	10	9	247	1042	1304	4.0e-14	83.2
NC_000913.3_162	8618|MoalAD071_1_GeneCatalog_proteins_20210416.aa.fasta|GT20	47.7	237	118	4	11	244	127	360	1.5e-51	207.6
NC_000913.3_174	QKK06989.1|CE11	50.6	247	113	4	3	240	4	250	2.0e-08	64.7
NC_000913.3_175	WKW15052.1|CE11	54.7	139	62	1	5	143	288	425	1.3e-36	157.1
NC_000913.3_177	QHQ08135.1|GT19	100.0	382	0	0	1	382	1	382	1.0e-218	763.5
NC_000913.3_178	QER43444.1|GT19	52.2	178	80	3	14	190	388	561	6.0e-37	158.7
NC_000913.3_179	AWZ17133.1|GH13_30	34.9	1193	707	18	6	1151	406	1575	1.9e-196	691.0
NC_000913.3_190	AGL64353.1|CBM50|GH25	46.6	573	297	5	1	571	1	566	3.6e-143	513.1
NC_000913.3_195	ALR09737.1|GH20	36.7	221	136	2	1	221	3	219	1.1e-33	148.7
NC_000913.3_196	UQZ88547.1|GT9	40.1	187	97	3	2	174	365	550	5.2e-30	135.6
NC_000913.3_198	628879|Thiap1_GeneCatalog_proteins_20140116.aa.fasta|GT8	37.7	260	147	6	3	251	18	273	1.6e-37	161.0
NC_000913.3_201	QKS49465.1|GT4	42.1	76	39	2	20	95	454	524	4.4e-06	56.2
NC_000913.3_202	QQM58495.1|CBM50|GH23	100.0	406	0	0	1	406	47	452	3.6e-230	801.6
NC_000913.3_203	WWT74499.1|GH23	42.0	224	118	4	6	219	21	242	1.6e-39	167.5
NC_000913.3_213	AFY87693.1|GT4	43.5	200	96	5	5	191	413	608	8.6e-33	144.8
NC_000913.3_218	AKP45810.1|CBM50	39.2	125	70	4	76	200	221	339	3.5e-19	99.8
NC_000913.3_222	295451|Plecuc1_GeneCatalog_proteins_20171208.aa.fasta|CBM1|GH45_1	36.6	352	193	13	4	339	549	886	1.5e-43	181.4
NC_000913.3_227	CAD7277771.1|GT105	57.6	59	25	0	71	129	1362	1420	1.8e-10	70.5
NC_000913.3_231	AAN17394.1|GT77	100.0	113	0	0	1	113	51	163	9.2e-60	233.8
NC_000913.3_253	AJE21224.1|GT2	56.4	110	47	1	4	113	3	111	2.6e-29	134.0
NC_000913.3_255	3478|Ambph1_GeneCatalog_proteins_20181206.aa.fasta|GT48	33.6	411	252	5	16	413	69	471	2.1e-56	224.6
NC_000913.3_256	AJT62735.1|GH2	47.5	295	143	5	17	308	968	1253	2.4e-61	240.4
NC_000913.3_257	BBI53471.1|CBM91|GH43_11	48.9	139	70	1	7	144	430	568	1.5e-30	138.3
NC_000913.3_259	AAN17394.1|GT77	98.2	113	2	0	1	113	51	163	2.3e-58	229.2
NC_000913.3_263	AGW42619.1|GH3	30.1	306	156	13	51	312	2	293	4.5e-17	93.6
NC_000913.3_265	WAO96723.1|GH0	28.5	494	302	14	91	567	78	537	1.4e-37	162.5
NC_000913.3_266	AOA72452.1|GH43_1	34.9	498	278	6	4	459	6	499	9.5e-70	268.9
NC_000913.3_267	AKR23601.1|CBM91|GH43_11	100.0	536	0	0	1	536	1	536	0.0e+00	1173.3
NC_000913.3_269	522811|Ganbon1_GeneCatalog_proteins_20210118.aa.fasta|GT3	36.1	360	167	10	8	327	10	346	3.0e-41	173.7
NC_000913.3_270	AAN17394.1|GT77	98.2	113	2	0	1	113	51	163	2.3e-58	229.2
NC_000913.3_296	QEO97765.1|GH28	31.8	245	160	3	5	243	4	247	2.4e-26	124.0
NC_000913.3_297	WFA17394.1|GH39	28.3	106	73	1	2	104	167	272	1.8e-05	54.3
NC_000913.3_305	WAR11618.1|AA3_2	53.8	546	238	9	3	542	567	1104	2.1e-164	583.6
NC_000913.3_306	7289|Ompol1_GeneCatalog_proteins_20130516.aa.fasta|GH92	40.0	468	241	6	9	472	24	455	2.3e-90	337.4
NC_000913.3_309	QXC62151.1|GH5_29	32.8	259	173	1	96	354	1212	1469	1.1e-31	142.1
NC_000913.3_319	CAE6153416.1|PL4_2	48.0	331	167	5	15	343	604	931	2.7e-85	320.1
NC_000913.3_323	ABN00245.1|GT2	40.8	341	180	6	194	526	117	443	9.3e-53	212.6
NC_000913.3_328	73247|Saico1_GeneCatalog_proteins_20110913.aa.fasta|GT34	38.3	639	362	15	3	628	39	658	6.3e-117	426.0
NC_000913.3_332	QYO68864.1|GT2	33.9	165	107	2	39	201	31	195	5.1e-21	105.9
NC_000913.3_333	USP82126.1|CE5	39.6	134	79	2	21	153	27	159	3.3e-14	82.8
NC_000913.3_336	VEB03271.1|GH36	57.5	405	172	0	6	410	308	712	9.0e-128	461.5
NC_000913.3_337	APQ22888.1|GH2	100.0	1024	0	0	1	1024	1	1024	0.0e+00	2182.9
NC_000913.3_338	ALJ95318.1|GH2	100.0	359	0	0	1	359	1	359	4.5e-192	674.9
NC_000913.3_340	504615|Ampqui1_GeneCatalog_proteins_20160127.aa.fasta|GT2	26.4	413	210	13	18	350	13	411	3.4e-21	107.8
NC_000913.3_343	2394|Exoaq1_GeneCatalog_proteins_20160901.aa.fasta|GH0	49.0	259	129	1	6	261	5	263	4.6e-64	249.2
NC_000913.3_346	1469|Armcep1_GeneCatalog_proteins_20170112.aa.fasta|CE8	27.7	184	125	2	15	190	56	239	9.4e-05	52.8
NC_000913.3_348	WTL34619.1|CE1	26.6	184	105	4	42	211	57	224	2.5e-09	67.4
NC_000913.3_349	CAE6119299.1|GT1	44.7	365	197	3	4	367	17	377	1.5e-86	324.3
NC_000913.3_355	AYR82347.1|GT2	100.0	398	0	0	1	398	1	398	1.8e-234	815.8
NC_000913.3_356	WZI85810.1|CE14	100.0	32	0	0	1	32	192	223	7.9e-11	69.3
NC_000913.3_357	WYI25778.1|CE14	100.0	185	0	0	1	185	1	185	1.6e-100	369.8
NC_000913.3_359	AMD89422.1|GT4	35.9	198	117	3	7	194	10	207	4.8e-23	112.8
NC_000913.3_361	7748|Aspuda1_GeneCatalog_proteins_20160920.aa.fasta|GH28	36.8	291	161	7	1	279	70	349	3.5e-38	163.3
NC_000913.3_362	19096|Rhoglu91_1_GeneCatalog_proteins_20190605.aa.fasta|GT69	40.2	323	175	5	15	319	20	342	9.7e-53	211.8
NC_000913.3_364	QEO97765.1|GH28	31.8	245	160	3	5	243	4	247	2.4e-26	124.0
NC_000913.3_368	BBO35303.1|GH171	27.9	312	189	13	64	351	74	373	2.2e-11	74.7
NC_000913.3_376	UUI40410.1|CBM50	30.9	447	204	9	64	460	42	433	3.4e-38	164.1
NC_000913.3_378	QAT16263.1|GH133|GH13|GH23|GT2|GT4|GT5	35.8	176	103	5	202	369	30642	30815	4.0e-18	97.1
NC_000913.3_379	QRW27629.1|GT15	32.7	245	146	4	43	268	421	665	9.9e-27	125.2
NC_000913.3_391	QZY29579.1|GT2	37.0	119	75	0	4	122	9	127	1.8e-13	80.9
NC_000913.3_392	CAD7252417.1|GH13_48	30.4	247	156	6	191	428	58	297	2.4e-27	127.9
NC_000913.3_394	QXF33454.1|GH13_3	41.2	452	261	4	4	451	15	465	2.2e-90	337.4
NC_000913.3_395	VEC40568.1|CBM34|GH13_21	100.0	605	0	0	1	605	1	605	0.0e+00	1293.1
NC_000913.3_406	TVU48612.1|GH16_27	52.2	157	75	0	3	159	53	209	5.7e-41	172.9
NC_000913.3_407	CAD41248.1|GH9	49.7	143	71	1	10	152	76	217	2.0e-32	143.3
NC_000913.3_411	14069|Rhives1_GeneCatalog_proteins_20170403.aa.fasta|GH76	46.2	338	158	5	1	318	8	341	1.0e-70	271.6
NC_000913.3_420	USP82499.1|GH93	28.5	298	186	5	6	278	139	434	6.4e-19	99.4
NC_000913.3_422	ASK36628.1|GT4	67.1	143	47	0	8	150	11	153	2.8e-50	203.0
NC_000913.3_429	CUS04663.1|GT2	53.4	191	89	0	15	205	7	197	5.1e-55	218.8
NC_000913.3_430	6629|Capcor1_GeneCatalog_proteins_20160826.aa.fasta|CBM43|GH72	34.3	460	177	8	67	408	126	578	6.9e-59	232.6
NC_000913.3_431	5007|Sakvas1_GeneCatalog_proteins_20160730.aa.fasta|GT2	40.9	697	383	8	110	777	830	1526	1.1e-134	485.3
NC_000913.3_436	QIG68999.1|GH36	36.1	244	133	6	4	227	9	249	1.2e-28	131.3
NC_000913.3_440	AVD70564.1|GT4	30.6	594	388	6	2	576	426	1014	4.3e-67	260.4
NC_000913.3_441	UGS35715.1|GT2|GT4	29.4	586	382	10	13	575	27	603	6.7e-52	209.9
NC_000913.3_444	503453|Enthel1_GeneCatalog_proteins_20161121.aa.fasta|GT2	36.1	319	156	6	12	283	535	852	4.3e-44	183.0
NC_000913.3_448	AHO05496.1|GH73	34.9	278	173	4	239	511	217	491	3.3e-39	167.5
NC_000913.3_453	ACT97502.1|GH78	35.5	307	165	7	754	1036	249	546	3.8e-42	178.3
NC_000913.3_464	CAE6179499.1|GH152	38.2	694	333	15	9	618	81	762	1.7e-122	444.5
NC_000913.3_465	CAE6256584.1|GT106	47.2	193	98	1	2	190	712	904	1.4e-47	194.1
NC_000913.3_467	QZN78757.1|CBM32|CBM96	26.4	258	130	10	73	294	273	506	9.4e-08	62.4
NC_000913.3_471	WMM24299.1|CBM50	32.6	536	308	12	2	530	7	496	1.4e-64	251.9
NC_000913.3_475	QBQ55156.1|CBM50	36.2	704	420	12	147	833	15	706	3.3e-97	360.9
NC_000913.3_476	CAD7231356.1|AA3_2	59.0	39	16	0	253	291	673	711	9.4e-05	52.4
NC_000913.3_477	ALR08524.1|GH23	27.1	399	258	11	3	371	17	412	5.5e-11	73.6
NC_000913.3_481	WEJ94881.1|GT1	33.3	204	127	5	24	219	406	608	5.6e-23	112.5
NC_000913.3_484	QKD58010.1|GH115	36.5	189	100	4	6	183	1002	1181	1.1e-22	111.7
NC_000913.3_485	BBO82779.1|CBM32	25.9	185	115	7	17	182	2169	2350	1.0e-04	51.6
NC_000913.3_486	UIA99733.1|GT4	40.0	200	120	0	25	224	20	219	1.8e-29	134.0
NC_000913.3_496	AEH39117.1|GH93	23.6	195	137	4	22	216	445	627	9.7e-06	55.5
NC_000913.3_499	WAO90082.1|AA4	28.8	222	135	6	3	215	15	222	3.1e-10	70.5
NC_000913.3_501	17617|Rhich1_GeneCatalog_proteins_20131210.aa.fasta|GT47	36.8	416	245	9	48	453	21	428	4.0e-73	280.0
NC_000913.3_514	AFU57543.1|GT66	38.2	170	88	5	5	164	759	921	4.2e-20	102.4
NC_000913.3_515	CAE6076421.1|GH27	41.0	500	247	5	2	459	11	504	9.1e-97	358.6
NC_000913.3_518	203|Pocchl1_GeneCatalog_proteins_20170916.aa.fasta|GH24	43.2	287	154	3	1	278	1	287	3.1e-58	229.9
NC_000913.3_520	AMN37385.1|GT8	36.8	223	136	3	2	220	1	222	8.5e-35	151.8
NC_000913.3_529	QEO97765.1|GH28	31.8	245	160	3	5	243	4	247	2.4e-26	124.0
NC_000913.3_540	ARM40977.1|GT8	100.0	36	0	0	37	72	102	137	2.9e-13	78.6
NC_000913.3_541	AJE21224.1|GT2	56.4	110	47	1	4	113	3	111	2.6e-29	134.0
NC_000913.3_543	AAT26323.1|GH24	94.4	71	4	0	1	71	26	96	1.0e-31	139.8
NC_000913.3_544	AYG20320.1|GH24|3.2.1.17	100.0	165	0	0	1	165	1	165	5.4e-92	341.3
NC_000913.3_545	QXL99342.1|GH24	46.9	145	73	2	8	152	173	313	6.5e-23	111.7
NC_000913.3_555	QNK57634.1|GH31	34.3	102	61	3	140	240	755	851	1.0e-04	52.0
NC_000913.3_558	QEJ46202.1|GT0	100.0	745	0	0	1	745	1	745	0.0e+00	1483.4
NC_000913.3_560	AUP80405.1|GH130_8	29.3	116	82	0	2	117	504	619	6.4e-11	72.4
NC_000913.3_561	WGT66215.1|GT2	29.9	465	307	4	6	457	670	1128	8.6e-47	192.6
NC_000913.3_565	BFD36069.1|GH13_3	38.8	459	273	3	5	458	7	462	9.1e-89	332.0
NC_000913.3_578	QND46664.1|GT1	31.9	1217	726	30	5	1165	1615	2784	2.8e-143	514.6
NC_000913.3_580	3235|Capcor1_GeneCatalog_proteins_20160826.aa.fasta|GH0	27.6	228	159	5	8	232	447	671	1.4e-17	94.7
NC_000913.3_586	BAZ75991.1|GT2	27.4	515	318	16	38	526	2721	3205	1.4e-27	129.0
NC_000913.3_588	6918|Exoaq1_GeneCatalog_proteins_20160901.aa.fasta|GT32	23.2	177	131	1	5	176	313	489	6.8e-06	55.8
NC_000913.3_598	CAD7278183.1|GH35	40.2	179	103	2	4	179	277	454	1.1e-32	144.4
NC_000913.3_601	6743|Stely1_GeneCatalog_proteins_20170711.aa.fasta|GH43_21	27.1	347	165	10	1	310	1458	1753	4.3e-21	107.1
NC_000913.3_605	AGL65742.1|GH13_31	35.8	472	280	7	3	471	2	453	1.4e-71	275.0
NC_000913.3_613	AVU36171.1|GH2	59.5	200	81	0	5	204	4	203	2.5e-55	219.9
NC_000913.3_616	CAE6150632.1|GH152	60.0	50	20	0	5	54	12	61	1.5e-11	72.8
NC_000913.3_621	1940640|Porspa1_GeneCatalog_proteins_20220228.aa.fasta|GT8	43.2	271	138	5	55	311	312	580	3.2e-56	223.4
NC_000913.3_626	VTO28854.1|GT119	82.5	246	43	0	1	246	376	621	3.3e-110	402.9
NC_000913.3_627	QLC56559.1|GT119	100.0	370	0	0	1	370	1	370	3.5e-200	701.8
NC_000913.3_628	ASK77786.1|GT119	47.8	628	309	4	3	613	4	629	7.7e-171	605.1
NC_000913.3_635	AMJ20771.1|GH13_26	95.5	860	39	0	1	860	1	860	0.0e+00	1701.0
NC_000913.3_643	201643|Melli1_GeneCatalog_proteins_20150227.aa.fasta|GT1	30.5	596	353	14	7	554	1315	1897	7.2e-64	249.6
NC_000913.3_645	ATI54262.1|GH55_1	40.5	173	101	2	25	195	19	191	4.4e-26	122.9
NC_000913.3_648	URR22208.1|GT4	84.5	277	43	0	26	302	21	297	5.9e-129	464.9
NC_000913.3_649	AJE21224.1|GT2	56.4	110	47	1	4	113	3	111	2.6e-29	134.0
NC_000913.3_651	AGL64932.1|GT2	28.3	254	176	4	36	285	192	443	9.4e-23	112.1
NC_000913.3_652	WIA29304.1|GH5	40.2	112	62	3	41	147	1	112	6.1e-13	78.6
NC_000913.3_656	1264099|Parsp1_GeneCatalog_proteins_20141011.aa.fasta|GH12	28.1	367	224	10	27	358	214	575	3.2e-32	144.4
NC_000913.3_657	CAD7274170.1|GT25	23.2	250	161	4	12	230	1432	1681	6.9e-14	82.4
NC_000913.3_659	SQE58681.1|CE9	100.0	382	0	0	1	382	1	382	7.1e-220	767.3
NC_000913.3_660	QOU23254.1|GH3	44.7	235	129	1	7	240	1009	1243	1.4e-52	211.1
NC_000913.3_661	VEC47756.1|GH4	32.8	537	275	19	3	466	1	524	3.9e-45	187.6
NC_000913.3_663	CAE6110940.1|CE8	45.2	553	271	14	13	551	253	787	5.0e-126	456.1
NC_000913.3_671	QFG67851.1|CBM48|GH13_9	57.1	555	220	6	4	544	1474	2024	9.2e-173	611.3
NC_000913.3_677	QZY29579.1|GT2	32.1	165	101	3	4	162	10	169	6.8e-13	79.0
NC_000913.3_678	AAO76290.1|GT2	27.8	234	153	7	647	875	921	1143	1.8e-11	76.3
NC_000913.3_680	QBQ55156.1|CBM50	31.2	545	332	15	22	555	119	631	1.6e-44	185.7
NC_000913.3_691	4072|Capep1_GeneCatalog_proteins_20160826.aa.fasta|GH18	39.0	487	266	8	7	466	100	582	4.3e-94	349.7
NC_000913.3_692	BAQ30769.1|GH42	22.0	341	241	6	3	325	37	370	2.4e-10	71.6
NC_000913.3_700	AMN37385.1|GT8	28.9	197	132	4	27	221	31	221	3.4e-18	96.7
NC_000913.3_705	AWK41293.1|GT87	67.1	79	26	0	56	134	2	80	1.3e-22	110.5
NC_000913.3_707	7233|Capcor1_GeneCatalog_proteins_20160826.aa.fasta|GH132	54.1	592	261	5	7	589	57	646	2.4e-174	616.7
NC_000913.3_708	WYI25464.1|GT51	100.0	238	0	0	1	238	1	238	2.0e-140	502.7
NC_000913.3_709	CAD7280782.1|GT2	57.9	788	298	3	129	882	371	1158	2.5e-263	912.9
NC_000913.3_710	CAD7280782.1|GT2	52.6	344	151	3	44	381	1178	1515	3.3e-90	336.7
NC_000913.3_711	CAD7280782.1|GT2	63.7	347	123	2	22	367	1795	2139	5.1e-117	425.6
NC_000913.3_712	QKX60855.1|GT22	60.8	286	109	2	2	284	574	859	3.6e-91	339.3
NC_000913.3_714	QKE88473.1|GH38	32.4	275	180	3	285	559	9	277	1.7e-32	145.6
NC_000913.3_715	AUA42862.1|GH38	100.0	877	0	0	1	877	1	877	0.0e+00	1791.5
NC_000913.3_724	XBL64399.1|PL0	55.4	437	185	6	1	429	1	435	5.4e-43	179.9
NC_000913.3_731	2142|Fonmo1_GeneCatalog_proteins_20170704.aa.fasta|GH13_25|GH133	58.5	349	140	3	6	349	1549	1897	3.7e-106	389.4
NC_000913.3_732	SDS56476.1|GT4	54.1	244	107	3	6	247	458	698	2.4e-67	260.0
NC_000913.3_733	UZJ45781.1|GH43_26	43.7	341	182	6	10	343	387	724	2.3e-68	263.8
NC_000913.3_735	CUS02883.1|GH3	60.5	344	133	1	4	344	2	345	1.7e-124	450.3
NC_000913.3_736	2355|Stely1_GeneCatalog_proteins_20170711.aa.fasta|GH16_22	43.1	364	165	4	3	324	54	417	5.2e-73	279.3
NC_000913.3_737	12773|Pocchl1_GeneCatalog_proteins_20170916.aa.fasta|GH128	25.9	321	184	12	10	309	441	728	6.2e-11	73.6
NC_000913.3_740	ACV64175.1|CBM50	41.2	228	126	3	29	254	110	331	4.0e-41	172.9
NC_000913.3_742	CAE5963706.1|GT77	28.8	222	138	7	26	234	485	699	7.1e-17	92.8
NC_000913.3_743	BFD87702.1|GT0	30.7	277	151	7	4	264	816	1067	1.9e-17	94.4
NC_000913.3_746	667213|Rhier1_GeneCatalog_proteins_20141012.aa.fasta|GH76	38.8	369	198	7	3	348	342	705	2.7e-56	223.8
NC_000913.3_747	AGL65742.1|GH13_31	35.5	467	289	6	11	474	14	471	1.1e-65	255.4
NC_000913.3_749	QCI00885.1|CE8	100.0	427	0	0	1	427	1	427	9.9e-247	856.7
NC_000913.3_751	104559|Epityp1_GeneCatalog_proteins_20180725.aa.fasta|GH115	28.3	396	255	13	41	423	1140	1519	5.1e-33	146.7
NC_000913.3_752	QRW27311.1|AA5_1	51.9	324	154	1	4	325	40	363	1.7e-92	344.0
NC_000913.3_754	CCO10028.1|GH1	32.8	131	82	3	17	141	18	148	2.4e-11	73.9
NC_000913.3_771	AJC53641.1|GT2	35.8	218	135	2	330	546	659	872	2.3e-33	148.3
NC_000913.3_774	ALR09738.1|GH18	40.3	395	230	4	1	390	9	402	4.2e-70	270.0
NC_000913.3_776	CCO11001.1|GH24	25.0	696	443	22	73	733	259	910	2.8e-34	151.8
NC_000913.3_786	ATI54262.1|GH55_1	41.9	172	96	4	27	195	21	191	2.6e-26	123.6
NC_000913.3_787	AHC27751.1|CE4	37.1	205	127	1	13	217	8	210	4.0e-26	122.9
NC_000913.3_788	AEI15911.1|GH23	27.9	229	146	4	25	243	42	261	2.9e-17	93.6
NC_000913.3_796	QLE84536.1|CBM50	42.8	306	163	7	5	306	2	299	5.7e-63	245.7
NC_000913.3_797	10683|Gansi1_GeneCatalog_proteins_20210227.aa.fasta|GH1	27.8	627	339	16	7	525	738	1358	2.9e-54	217.6
NC_000913.3_798	WAO90191.1|PL4_5	30.8	185	119	4	136	317	581	759	2.0e-18	98.2
NC_000913.3_799	WMI64506.1|GH0	36.6	71	44	1	176	245	158	228	2.4e-04	50.8
NC_000913.3_803	434980|NsAK0226_1_GeneCatalog_proteins_20190612.aa.fasta|AA1_3	41.1	219	119	2	4	212	542	760	3.7e-36	156.4
NC_000913.3_805	CAD7254438.1|GH0	48.0	329	139	1	3	299	697	1025	7.3e-77	292.0
NC_000913.3_806	WFM71060.1|GH1	52.8	89	42	0	480	568	62	150	1.9e-17	95.5
NC_000913.3_807	CCO11377.1|GH23	23.8	320	214	9	24	319	40	353	2.0e-12	78.6
NC_000913.3_810	QXC62151.1|GH5_29	32.6	239	156	2	537	773	1232	1467	1.2e-29	136.3
NC_000913.3_811	UTB42050.1|GH53	29.3	157	97	4	284	433	463	612	1.8e-09	68.6
NC_000913.3_814	ARU27187.1|CBM6	38.7	359	209	8	14	369	176	526	1.7e-69	267.7
NC_000913.3_815	9593|Fonmu1_GeneCatalog_proteins_20160827.aa.fasta|AA4	29.6	189	127	3	10	196	10	194	4.8e-13	79.3
NC_000913.3_816	BCL82188.1|GT51	33.8	284	146	8	35	284	718	993	7.1e-21	106.3
NC_000913.3_818	QWH37549.1|GT119	34.4	160	103	2	1	159	383	541	6.0e-13	79.0
NC_000913.3_826	1236794|Mycrub1_GeneCatalog_proteins_20170201.aa.fasta|AA3_2	35.1	77	48	1	4	80	575	649	2.2e-04	49.3
NC_000913.3_831	CCO09992.1|GH32	24.0	296	191	7	9	299	15	281	2.0e-06	58.2
NC_000913.3_832	BBI53471.1|CBM91|GH43_11	44.5	155	85	1	4	157	414	568	1.6e-27	128.3
NC_000913.3_837	QSQ15270.1|GH23	29.2	96	65	2	45	137	334	429	2.1e-04	50.8
NC_000913.3_838	AHC27751.1|CE4	30.6	170	106	3	47	214	49	208	4.7e-14	82.8
NC_000913.3_840	BDF54615.1|GH23	22.9	188	126	4	66	242	88	267	6.0e-07	59.3
NC_000913.3_841	ATI54262.1|GH55_1	35.1	211	121	5	28	226	21	227	1.8e-19	100.9
NC_000913.3_844	WAS91079.1|GH75	28.8	153	81	6	45	183	238	376	3.2e-04	50.4
NC_000913.3_846	WGR92875.1|GT4	23.2	272	166	9	5	244	179	439	4.5e-06	57.4
NC_000913.3_847	UQC80667.1|GH37	37.6	290	168	6	3	280	149	437	1.0e-41	175.3
NC_000913.3_854	AZL73833.1|GT4	28.5	235	152	8	99	324	69	296	2.1e-10	71.2
NC_000913.3_856	VZH35395.1|GT4	40.2	251	134	7	1	241	1	245	6.0e-38	163.7
NC_000913.3_857	CAE6150632.1|GH152	54.0	50	23	0	3	52	12	61	8.0e-11	70.5
NC_000913.3_859	AGL63717.1|GT4	42.8	600	285	7	175	718	113	710	3.1e-134	483.8
NC_000913.3_862	AVD70564.1|GT4	30.2	597	354	17	6	566	433	1002	1.1e-43	182.6
NC_000913.3_863	QGZ32567.1|GT121	28.2	426	289	8	162	583	545	957	3.0e-36	157.9
NC_000913.3_864	1917795|Clapy1_GeneCatalog_proteins_20140612.aa.fasta|GH20	48.9	317	142	8	10	314	512	820	3.3e-69	266.5
NC_000913.3_866	AGL63871.1|GT2	45.5	483	235	4	840	1322	528	982	8.7e-108	396.7
NC_000913.3_869	33153|Pench1_GeneCatalog_proteins_20120123.aa.fasta|GH1|GH95	30.3	426	262	10	36	430	1225	1646	1.2e-42	178.7
NC_000913.3_870	WJY26868.1|CBM50	23.5	808	479	36	46	800	8	729	1.6e-35	156.0
NC_000913.3_884	1026|Phach1_GeneCatalog_proteins_20150930.aa.fasta|GH43_24	42.8	428	220	12	19	422	417	843	2.5e-72	277.3
NC_000913.3_887	CAD7252417.1|GH13_48	37.3	75	47	0	192	266	844	918	1.6e-07	62.4
NC_000913.3_890	UVO20229.1|GT121	40.3	591	332	4	8	580	369	956	1.7e-111	407.9
NC_000913.3_891	AOH48614.1|GT30	28.8	312	177	8	34	305	499	805	3.2e-27	127.1
NC_000913.3_894	BCW88148.1|GT0	34.5	142	87	2	1	139	1	139	3.3e-08	63.5
NC_000913.3_902	UJR79043.1|CBM50	26.5	151	96	5	37	182	142	282	3.2e-05	53.1
NC_000913.3_906	4560|Rhives1_GeneCatalog_proteins_20170403.aa.fasta|GH27	40.4	445	245	8	17	454	91	522	8.6e-87	325.5
NC_000913.3_909	AJC53641.1|GT2	34.9	209	120	6	21	220	668	869	9.1e-22	108.6
NC_000913.3_925	10683|Gansi1_GeneCatalog_proteins_20210227.aa.fasta|GH1	26.7	640	349	17	4	536	733	1359	4.1e-39	167.5
NC_000913.3_931	CUS04610.1|GT4	35.1	410	252	6	141	541	329	733	1.4e-57	228.8
NC_000913.3_933	AUC13626.1|CBM50	32.0	97	61	3	221	316	532	624	8.0e-05	52.8
NC_000913.3_957	QTR45648.1|GT4	25.1	708	471	16	34	709	439	1119	6.8e-38	163.7
NC_000913.3_965	AAN17394.1|GT77	98.2	113	2	0	1	113	51	163	1.7e-58	229.6
NC_000913.3_966	CAE6150632.1|GH152	51.6	62	29	1	7	67	13	74	2.9e-10	68.6
NC_000913.3_969	610267|Fusre1_GeneCatalog_proteins_20170625.aa.fasta|AA2	30.8	419	247	10	405	784	590	1004	2.6e-39	168.7
NC_000913.3_971	WBU90563.1|GT2	27.8	144	99	1	5	143	3	146	1.3e-11	74.7
NC_000913.3_976	QYO64137.1|GT4	39.5	129	77	1	5	132	4	132	3.8e-14	83.6
NC_000913.3_980	5303|Arxad1_GeneCatalog_proteins_20141211.aa.fasta|AA6	48.5	198	98	3	3	197	4	200	2.0e-48	196.8
NC_000913.3_988	153926|Aspara19utr_GeneCatalog_proteins_20160816.aa.fasta|PL9_3	26.3	232	142	7	66	271	486	714	3.7e-08	63.9
NC_000913.3_990	7713|Ompol1_GeneCatalog_proteins_20130516.aa.fasta|AA9	32.8	457	275	12	678	1111	79	526	3.5e-40	172.2
NC_000913.3_999	QHW63909.1|GT2	100.0	441	0	0	1	441	1	441	6.2e-252	874.0
NC_000913.3_1000	ASO00083.1|CE4|GH153	100.0	672	0	0	1	672	1	672	0.0e+00	1373.2
NC_000913.3_1001	ATM73176.1|CE4|GH153	42.0	636	352	7	19	642	20	650	7.3e-134	482.6
NC_000913.3_1002	BCD96671.1|CBM10	36.8	163	95	5	280	440	309	465	1.4e-17	95.5
NC_000913.3_1003	QEO97765.1|GH28	31.8	245	160	3	5	243	4	247	2.4e-26	124.0
NC_000913.3_1007	451926|Sorbr1_GeneCatalog_proteins_20171129.aa.fasta|GH7	30.2	262	137	10	98	313	532	793	1.7e-14	84.7
NC_000913.3_1019	AGL65511.1|GH78	53.3	169	72	3	5	171	4	167	4.4e-39	165.6
NC_000913.3_1022	ARJ98620.1|GH186	100.0	500	0	0	1	500	12	511	4.0e-300	1034.2
NC_000913.3_1023	ATB98434.1|GT2	100.0	837	0	0	1	837	11	847	0.0e+00	1706.0
NC_000913.3_1027	QJX02771.1|GT121	41.4	290	164	4	14	301	14	299	8.0e-57	225.3
NC_000913.3_1041	CCO12626.1|GH125	27.5	298	209	6	5	300	3	295	5.6e-26	122.9
NC_000913.3_1042	URM97004.1|GT121	23.2	383	284	5	20	401	457	830	4.3e-15	87.4
NC_000913.3_1046	UJD75195.1|CBM2|GH18	62.8	137	51	0	1	137	1	137	5.3e-40	168.3
NC_000913.3_1047	QBY27754.1|GH73	87.2	78	10	0	1	78	1	78	5.9e-28	128.3
NC_000913.3_1052	CAD7222057.1|GH73	34.5	197	112	3	17	207	19	204	7.0e-21	105.5
NC_000913.3_1053	CAD7222057.1|GH73	44.3	350	191	3	7	355	205	551	3.5e-75	286.6
NC_000913.3_1054	ALI45537.1|GH73	100.0	313	0	0	1	313	1	313	7.7e-172	607.4
NC_000913.3_1057	BBN17599.1|CBM20	36.7	346	204	5	94	427	948	1290	1.1e-57	229.9
NC_000913.3_1058	6274|Ambph1_GeneCatalog_proteins_20181206.aa.fasta|GT2	27.4	175	116	3	95	264	936	1104	3.0e-14	84.0
NC_000913.3_1060	AHO16562.2|GT35	96.5	173	6	0	1	173	1	173	2.6e-89	332.4
NC_000913.3_1064	CUS04411.1|GH57	43.0	286	161	1	5	288	4	289	3.9e-51	206.5
NC_000913.3_1065	CUS04972.1|GT4	34.0	247	155	4	2	240	5	251	1.3e-30	137.9
NC_000913.3_1067	1842|Rhich1_GeneCatalog_proteins_20131210.aa.fasta|GT57	48.3	420	204	7	7	414	468	886	1.1e-98	364.8
NC_000913.3_1072	CAD7277051.1|CBM47	33.0	191	117	5	58	237	12	202	1.3e-15	88.2
NC_000913.3_1073	VEC47756.1|GH4	30.5	537	293	15	7	476	3	526	1.2e-51	208.8
NC_000913.3_1079	QHW83974.1|GH3	100.0	341	0	0	1	341	1	341	4.5e-194	681.4
NC_000913.3_1080	VTO21830.1|GH3	91.1	180	16	0	1	180	80	259	4.2e-98	361.7
NC_000913.3_1085	QLE84536.1|CBM50	50.3	290	139	4	21	309	13	298	1.8e-72	277.3
NC_000913.3_1089	ALR09737.1|GH20	44.0	225	120	4	5	228	3	222	4.7e-41	172.6
NC_000913.3_1091	QDJ25602.1|GH170	27.0	274	192	3	2	274	4	270	1.3e-19	101.7
NC_000913.3_1092	88913|Triatrob1_GeneCatalog_proteins_20181004.aa.fasta|GH92	34.8	244	110	10	42	242	19	256	6.9e-23	112.5
NC_000913.3_1098	VZH35395.1|GT4	38.1	218	127	3	14	224	1	217	7.6e-33	146.0
NC_000913.3_1102	ADB74244.1|GT2	34.2	117	75	1	4	118	12	128	7.5e-12	75.5
NC_000913.3_1108	6690|Claps1_GeneCatalog_proteins_20160826.aa.fasta|GH130_3	31.0	210	121	10	29	234	8	197	9.0e-11	72.8
NC_000913.3_1134	AXW97137.1|GT107	46.4	403	210	3	1	400	1	400	1.9e-90	337.4
NC_000913.3_1150	5034|Pocchl1_GeneCatalog_proteins_20170916.aa.fasta|GT22	31.4	210	124	6	13	210	73	274	1.5e-20	104.4
NC_000913.3_1157	CUS02703.1|GH23	41.2	221	130	0	3	223	5	225	3.9e-43	179.5
NC_000913.3_1161	AZU02762.1|GH73	47.6	370	189	4	33	399	47	414	3.5e-77	293.9
NC_000913.3_1162	BAB35111.1|GH23	98.7	304	4	0	1	304	1	304	3.2e-175	618.6
NC_000913.3_1163	AZU72092.1|GH23	100.0	203	0	0	1	203	1	203	1.8e-113	412.9
NC_000913.3_1167	ACA78063.1|GH37	100.0	565	0	0	1	565	1	565	0.0e+00	1171.4
NC_000913.3_1170	335150|Clasam1_GeneCatalog_proteins_20220224.aa.fasta|GH76	36.2	343	191	10	2	335	451	774	9.7e-38	162.2
NC_000913.3_1174	CCA15473.1|GH72	42.5	369	199	5	4	362	587	952	3.8e-74	283.1
NC_000913.3_1178	24|MospKOD1030_1_GeneCatalog_proteins_20210506.aa.fasta|GH47	50.0	314	153	3	26	337	6	317	4.2e-75	286.2
NC_000913.3_1182	AGL64700.1|GH23	49.3	355	176	2	8	359	7	360	4.8e-93	345.9
NC_000913.3_1183	ALR08993.1|GT4	42.6	256	144	3	21	274	17	271	2.5e-49	200.3
NC_000913.3_1195	AYN68646.1|GT2	36.7	109	66	2	9	116	3	109	3.6e-11	73.2
NC_000913.3_1205	WRL46159.1|GT41	90.5	21	2	0	130	150	36	56	1.3e-04	50.8
NC_000913.3_1207	CAZ97137.1|GT2	35.0	103	66	1	9	110	2	104	8.1e-10	69.3
NC_000913.3_1208	CAI32748.1|GT4	44.1	290	155	5	7	294	3	287	9.7e-55	218.4
NC_000913.3_1216	AJE21224.1|GT2	56.4	110	47	1	4	113	3	111	2.6e-29	134.0
NC_000913.3_1217	CCO11377.1|GH23	27.8	533	357	11	24	538	11	533	9.2e-43	179.5
NC_000913.3_1218	AZV31449.1|GH23	28.7	335	183	7	4	283	820	1153	1.1e-26	125.2
NC_000913.3_1220	SFV72712.1|GT4	30.9	204	131	6	42	245	24	217	2.1e-13	81.3
NC_000913.3_1221	WFM71060.1|GH1	38.3	149	91	1	181	328	62	210	1.3e-23	115.2
NC_000913.3_1234	ACR62057.1|GH2	100.0	59	0	0	1	59	1	59	9.2e-25	118.6
NC_000913.3_1237	309222|Marpt1_GeneCatalog_proteins_20140919.aa.fasta|CBM50	27.6	286	140	10	5	245	347	610	1.2e-15	89.4
NC_000913.3_1238	309222|Marpt1_GeneCatalog_proteins_20140919.aa.fasta|CBM50	28.9	315	176	7	244	510	932	1246	1.6e-25	122.1
NC_000913.3_1243	AUN36587.1|GH4	100.0	29	0	0	168	196	143	171	4.4e-08	62.8
NC_000913.3_1244	8509|Stely1_GeneCatalog_proteins_20170711.aa.fasta|AA3_1	26.9	208	143	5	2	201	549	755	1.4e-14	84.7
NC_000913.3_1252	1058757|Sissu1_GeneCatalog_proteins_20130130.aa.fasta|GT4	27.8	407	242	13	165	562	399	762	2.8e-25	122.1
NC_000913.3_1253	110707|LedB17_3_GeneCatalog_proteins_20201027.aa.fasta|GH17	47.3	146	54	2	47	169	50	195	1.9e-27	127.1
NC_000913.3_1262	QXC62151.1|GH5_29	36.0	433	273	2	222	650	1035	1467	1.4e-69	268.9
NC_000913.3_1266	ALR09737.1|GH20	28.2	213	145	5	29	238	19	226	3.5e-16	90.1
NC_000913.3_1267	ATI54262.1|GH55_1	26.9	197	121	5	26	218	14	191	1.2e-05	55.5
NC_000913.3_1276	7289|Ompol1_GeneCatalog_proteins_20130516.aa.fasta|GH92	39.0	472	249	6	15	481	17	454	1.8e-90	337.8
NC_000913.3_1279	BBM86919.1|GT4	41.7	319	174	3	7	325	420	726	2.1e-55	220.7
NC_000913.3_1285	AIZ91576.1|GH13_18|2.4.1.352	100.0	559	0	0	1	559	1	559	0.0e+00	1153.7
NC_000913.3_1288	BFF14894.1|GH51_1	34.0	265	170	3	17	280	42	302	2.1e-27	127.5
NC_000913.3_1289	KFZ02887.1|GH135	32.0	103	67	2	161	260	191	293	6.9e-04	49.7
NC_000913.3_1290	BBW36090.1|GH65	81.6	190	33	1	1	190	1	188	5.0e-84	315.5
NC_000913.3_1291	BAL98371.1|GH179	27.9	355	233	8	10	349	7	353	6.9e-28	129.4
NC_000913.3_1292	AJF56189.1|GH65	100.0	755	0	0	1	755	1	755	0.0e+00	1546.6
NC_000913.3_1293	VEB15185.1|GH65	65.3	216	75	0	1	216	757	972	1.7e-72	276.9
NC_000913.3_1294	BBI53471.1|CBM91|GH43_11	50.0	142	71	0	1	142	427	568	3.2e-32	143.7
NC_000913.3_1296	QYC39818.1|GH1	28.6	315	218	4	3	317	458	765	3.3e-32	143.7
NC_000913.3_1299	BBM86919.1|GT4	36.9	309	184	5	203	503	418	723	6.2e-46	189.9
NC_000913.3_1306	CCO11377.1|GH23	29.2	497	331	11	35	517	44	533	2.2e-49	201.4
NC_000913.3_1308	AJE21224.1|GT2	56.4	110	47	1	4	113	3	111	2.6e-29	134.0
NC_000913.3_1312	WRQ33189.1|GT19	36.7	158	85	4	11	166	385	529	1.4e-18	97.4
NC_000913.3_1317	SCD23101.1|GH102	34.8	115	71	2	59	170	445	558	7.9e-07	58.5
NC_000913.3_1318	QAT16263.1|GH133|GH13|GH23|GT2|GT4|GT5	33.9	171	100	5	248	407	30645	30813	5.7e-18	96.7
NC_000913.3_1321	ALR09738.1|GH18	39.5	372	212	6	4	364	11	380	2.4e-57	227.6
NC_000913.3_1340	QXL99342.1|GH24	54.1	98	44	1	2	99	219	315	1.4e-18	96.7
NC_000913.3_1344	QMT38326.1|GH23	42.0	81	40	1	238	311	86	166	7.2e-06	56.2
NC_000913.3_1345	AJE21224.1|GT2	57.3	110	46	1	4	113	3	111	2.6e-29	134.0
NC_000913.3_1353	AMJ18631.1|GT2	92.9	1174	83	0	1	1174	1	1174	0.0e+00	2200.6
NC_000913.3_1356	6744|Pocchl1_GeneCatalog_proteins_20170916.aa.fasta|GH76	29.7	249	159	3	69	315	80	314	3.6e-23	113.6
NC_000913.3_1360	AVV55358.1|GH39	21.6	241	174	5	74	301	38	276	2.4e-05	54.3
NC_000913.3_1361	7289|Ompol1_GeneCatalog_proteins_20130516.aa.fasta|GH92	36.1	471	258	5	21	487	23	454	4.3e-84	316.6
NC_000913.3_1362	11078|Claps1_GeneCatalog_proteins_20160826.aa.fasta|GT2	28.4	673	409	21	123	750	4	648	1.6e-58	232.3
NC_000913.3_1369	CUS04591.1|CBM50	47.0	253	133	1	3	254	4	256	5.3e-54	215.7
NC_000913.3_1370	459084|Dipgro1_GeneCatalog_proteins_20220226.aa.fasta|GH28	29.2	271	173	11	5	259	21	288	6.3e-18	95.9
NC_000913.3_1373	3339675|Favcal1_2_GeneCatalog_proteins_20220405.aa.fasta|PL35	37.7	369	203	6	19	380	45	393	8.0e-49	199.1
NC_000913.3_1374	WVX51511.1|GT2	27.1	358	240	11	16	360	303	652	1.3e-20	105.5
NC_000913.3_1389	QWW23826.1|GH5_12	35.1	655	385	13	75	711	436	1068	3.3e-104	384.8
NC_000913.3_1390	7|Collup1_GeneCatalog_proteins_20180803.aa.fasta|GH3	32.3	161	90	6	90	250	780	921	2.7e-08	63.9
NC_000913.3_1391	7289|Ompol1_GeneCatalog_proteins_20130516.aa.fasta|GH92	35.0	480	274	7	2	476	17	463	1.4e-68	265.0
NC_000913.3_1400	5222|Aspte1_GeneCatalog_proteins_20120919.aa.fasta|AA3_2	50.5	455	206	7	8	444	6	459	6.1e-114	415.6
NC_000913.3_1401	AUG16196.1|GH186	100.0	539	0	0	1	539	13	551	0.0e+00	1137.1
NC_000913.3_1409	VED40855.1|GH4	92.7	164	12	0	219	382	276	439	1.8e-74	284.3
NC_000913.3_1418	QCC85257.1|GT4	31.6	256	166	3	22	271	23	275	2.0e-24	117.9
NC_000913.3_1421	404934|ChetHAW225_4_GeneCatalog_proteins_20220426.aa.fasta|GH67	35.8	491	293	8	3	474	1398	1885	6.5e-82	309.3
NC_000913.3_1426	ACN28438.1|GH28	42.2	351	188	8	3	344	162	506	1.7e-63	247.7
NC_000913.3_1429	ASR43939.1|GH13	37.4	321	197	3	34	353	984	1301	2.8e-53	213.8
NC_000913.3_1430	AWK41767.1|GH13_3	38.0	458	277	5	23	477	15	468	1.3e-80	305.1
NC_000913.3_1440	4127|CadmalM221_1_GeneCatalog_proteins_20220609.aa.fasta|CE0	30.5	187	101	8	9	176	11	187	1.2e-09	68.6
NC_000913.3_1451	WJY26868.1|CBM50	34.8	89	57	1	7	94	176	264	1.8e-07	62.8
NC_000913.3_1455	9852|Exoaq1_GeneCatalog_proteins_20160901.aa.fasta|GT90	34.1	320	199	7	26	335	39	356	9.4e-43	178.7
NC_000913.3_1456	CAG7859579.1|GT4	39.1	534	295	7	17	530	40	563	2.2e-105	387.5
NC_000913.3_1459	CUS03821.1|CBM50	41.0	139	76	3	5	141	4	138	2.5e-16	89.7
NC_000913.3_1460	2659|Pocchl1_GeneCatalog_proteins_20170916.aa.fasta|GH3	32.5	255	134	8	2	236	1033	1269	9.3e-21	105.5
NC_000913.3_1461	2659|Pocchl1_GeneCatalog_proteins_20170916.aa.fasta|GH3	32.5	240	140	10	5	239	1036	1258	6.0e-18	96.3
NC_000913.3_1463	AZV31449.1|GH23	29.3	290	188	6	48	334	896	1171	2.4e-22	110.9
NC_000913.3_1464	CCO11377.1|GH23	23.1	506	320	17	38	498	52	533	6.5e-19	100.1
NC_000913.3_1466	AHO05496.1|GH73	30.2	252	172	2	540	791	245	492	1.7e-29	136.0
NC_000913.3_1467	WZH72566.1|CBM41	35.0	183	116	3	271	451	191	372	8.4e-18	96.3
NC_000913.3_1468	BDU25743.1|GH0	27.5	302	172	9	58	341	22	294	5.0e-20	103.6
NC_000913.3_1470	4608|Aspuda1_GeneCatalog_proteins_20160920.aa.fasta|GH71	42.7	445	245	4	10	450	18	456	4.1e-105	386.3
NC_000913.3_1471	ABA56022.1|GH12	38.1	197	122	0	34	230	71	267	1.3e-30	139.8
NC_000913.3_1473	3235|Capcor1_GeneCatalog_proteins_20160826.aa.fasta|GH0	23.1	420	278	12	160	544	234	643	1.6e-10	72.4
NC_000913.3_1475	QGJ68845.1|GH16_17	32.6	396	183	9	58	421	27	370	7.3e-48	196.4
NC_000913.3_1489	VZH35395.1|GT4	28.9	218	145	6	10	218	3	219	1.4e-16	92.4
NC_000913.3_1491	BET87511.1|GH13_19	26.6	267	178	2	15	269	33	293	3.9e-17	93.6
NC_000913.3_1496	5961|LnoICMP18003A_1_GeneCatalog_proteins_20201014.aa.fasta|GH18	31.2	125	85	1	159	282	393	517	7.3e-10	69.3
NC_000913.3_1498	CBK94002.1|GH53	29.2	185	101	6	135	304	448	617	1.7e-09	68.2
NC_000913.3_1501	767589|Zymar1_GeneCatalog_proteins_20141012.aa.fasta|GH64	31.2	436	296	3	26	457	40	475	1.9e-54	218.0
NC_000913.3_1507	ATH85273.1|GH39	29.4	102	72	0	14	115	168	269	1.2e-06	57.4
NC_000913.3_1512	QXC62151.1|GH5_29	29.5	166	108	3	131	290	1052	1214	3.4e-12	77.0
NC_000913.3_1515	6600|Byssp1_GeneCatalog_proteins_20170705.aa.fasta|GT15	26.1	706	420	23	48	679	307	984	2.9e-51	208.0
NC_000913.3_1528	CAE6150632.1|GH152	50.0	62	30	1	7	67	13	74	6.5e-10	67.4
NC_000913.3_1530	QBR67282.1|GH24	100.0	177	0	0	1	177	1	177	1.5e-103	379.8
NC_000913.3_1532	AAT26323.1|GH24	100.0	68	0	0	1	68	29	96	4.5e-32	141.0
NC_000913.3_1534	CAE6150632.1|GH152	50.0	50	25	0	7	56	13	62	6.1e-08	60.8
NC_000913.3_1556	350131|Clasp259_1_GeneCatalog_proteins_20220224.aa.fasta|GH2	26.0	338	235	7	3	327	879	1214	4.0e-25	120.2
NC_000913.3_1557	CAD7731926.1|CBM91|GH43_12	68.4	272	84	2	2	273	19	288	3.5e-108	396.4
NC_000913.3_1563	WFT74726.1|CBM50	23.9	753	464	32	45	756	16	700	4.9e-29	134.4
NC_000913.3_1577	ALR08088.1|GT19	25.0	316	208	8	33	327	52	359	4.8e-10	70.1
NC_000913.3_1584	WNZ43372.1|GT4	30.8	120	72	1	4	112	713	832	9.2e-08	62.0
NC_000913.3_1593	VEC51885.1|GH2	99.6	457	2	0	1	457	296	752	3.8e-252	874.8
NC_000913.3_1594	ABZ80149.1|GH2	100.0	603	0	0	1	603	7	609	0.0e+00	1272.3
NC_000913.3_1596	6070|Aspuda1_GeneCatalog_proteins_20160920.aa.fasta|GH37	31.8	245	159	5	9	246	9	252	6.7e-25	119.0
NC_000913.3_1598	VEC47756.1|GH4	32.0	534	324	10	16	525	6	524	5.3e-56	223.4
NC_000913.3_1600	560152|Asptra1_GeneCatalog_proteins_20160915.aa.fasta|GT2	25.5	282	175	7	26	280	785	1058	5.9e-13	79.7
NC_000913.3_1601	3544|Claps1_GeneCatalog_proteins_20160826.aa.fasta|GT91	38.5	348	198	6	7	338	9	356	1.3e-55	221.5
NC_000913.3_1615	4475|Penant1_GeneCatalog_proteins_20170601.aa.fasta|GH36	33.7	347	191	7	5	319	1015	1354	8.0e-47	192.6
NC_000913.3_1628	QPK65345.1|GT1	47.7	363	170	8	6	363	429	776	1.1e-81	308.1
NC_000913.3_1629	4307|Exoaq1_GeneCatalog_proteins_20160901.aa.fasta|GH36	34.2	152	72	4	2	127	167	316	4.8e-14	82.0
NC_000913.3_1632	548726|Phaart1_GeneCatalog_proteins_20160822.aa.fasta|GT22	29.9	97	59	3	8	100	361	452	3.0e-04	49.3
NC_000913.3_1633	AIE37115.1|GH0	37.9	161	93	5	105	264	188	342	1.5e-22	111.3
NC_000913.3_1637	AHC21488.1|GT4	28.9	342	221	9	4	330	3	337	9.9e-32	142.1
NC_000913.3_1639	41342|Stalo1_GeneCatalog_proteins_20220406.aa.fasta|CBM1|CE1	28.0	164	118	0	48	211	78	241	6.3e-09	66.6
NC_000913.3_1640	AGL64047.1|GH65	39.0	251	147	3	123	367	119	369	3.3e-44	183.7
NC_000913.3_1641	CAE5992398.1|GH5_7	34.3	213	127	6	1	208	472	676	1.6e-24	117.5
NC_000913.3_1655	QLE84536.1|CBM50	45.7	280	148	4	26	303	22	299	2.1e-66	257.3
NC_000913.3_1659	CAE5959324.1|GH35	29.5	220	148	5	12	231	69	281	4.9e-12	76.3
NC_000913.3_1664	QQK43172.1|AA4	27.5	200	126	5	1	192	30	218	1.1e-06	60.5
NC_000913.3_1669	6070|Capcor1_GeneCatalog_proteins_20160826.aa.fasta|GT34	29.6	280	169	9	12	276	1324	1590	2.7e-14	84.0
NC_000913.3_1672	CUS05121.1|GH77	28.2	390	245	14	6	374	8	383	3.0e-21	107.5
NC_000913.3_1673	WFB55958.1|GH39	27.7	249	164	6	38	279	29	268	9.8e-15	85.5
NC_000913.3_1679	572230|Whamic1_GeneCatalog_proteins_20190712.aa.fasta|GT32	32.4	537	298	17	52	533	413	939	4.9e-57	226.9
NC_000913.3_1680	QIP41401.1|CE9	29.3	396	215	12	411	790	179	525	3.8e-26	124.8
NC_000913.3_1682	2142|Fonmo1_GeneCatalog_proteins_20170704.aa.fasta|GH13_25|GH133	48.4	349	175	3	4	347	1548	1896	4.2e-86	322.8
NC_000913.3_1686	AEF93455.1|CBM50	47.0	115	58	2	40	154	102	213	3.0e-20	102.8
NC_000913.3_1687	UGS35715.1|GT2|GT4	29.8	218	128	7	22	226	390	595	8.6e-09	65.5
NC_000913.3_1688	CAE5962304.1|GT47	37.1	167	84	2	3	168	627	773	5.5e-29	132.1
NC_000913.3_1696	CAN65674.1|GH28	43.2	551	288	8	61	606	99	629	7.4e-129	465.7
NC_000913.3_1705	AJA08493.1|GH65	35.7	129	76	2	93	221	839	960	5.7e-12	75.9
NC_000913.3_1707	CCO10096.1|GH1	48.7	454	232	1	2	455	3	455	1.1e-102	378.3
NC_000913.3_1710	5151|Pocchl1_GeneCatalog_proteins_20170916.aa.fasta|GH38	39.0	467	269	8	98	559	27	482	3.8e-84	317.4
NC_000913.3_1711	QGL41101.1|CE0	100.0	249	0	0	1	249	1	249	1.5e-141	506.5
NC_000913.3_1712	AIZ51535.1|GH4	100.0	450	0	0	1	450	1	450	6.5e-265	917.1
NC_000913.3_1713	QGH26007.1|GH39	23.8	244	173	6	39	272	24	264	1.5e-06	58.2
NC_000913.3_1714	AGL63812.1|GT2	40.0	100	60	0	16	115	8	107	2.7e-13	79.3
NC_000913.3_1715	CCO12612.1|GH1	32.4	482	279	6	1	444	1	473	3.6e-53	213.8
NC_000913.3_1724	7289|Ompol1_GeneCatalog_proteins_20130516.aa.fasta|GH92	28.8	475	285	12	2	460	17	454	1.6e-38	165.2
NC_000913.3_1726	6909|Pocchl1_GeneCatalog_proteins_20170916.aa.fasta|GT22	34.2	395	242	6	18	396	39	431	3.9e-59	233.4
NC_000913.3_1734	ATD81516.1|GT4	33.9	189	111	5	14	193	18	201	1.0e-13	81.6
NC_000913.3_1737	AFR49665.1|GT87	42.4	118	63	2	4	118	361	476	6.6e-11	71.6
NC_000913.3_1739	BBF72686.1|GT2	57.8	341	138	3	7	344	8	345	1.7e-103	380.9
NC_000913.3_1741	CAD7252683.1|GH23	36.8	647	356	14	33	642	461	1091	1.2e-105	388.7
NC_000913.3_1746	17242|PuccoSD80_1_GeneCatalog_proteins_20170808.aa.fasta|GT2	43.2	185	92	5	6	182	22	201	1.5e-30	137.5
NC_000913.3_1749	12973|Pocchl1_GeneCatalog_proteins_20170916.aa.fasta|GT0	31.8	321	181	13	6	305	15	318	3.9e-33	146.7
NC_000913.3_1750	AIQ48666.1|GH32	25.7	327	213	9	4	311	2	317	3.9e-14	83.6
NC_000913.3_1751	CAD7251071.1|GT51	29.6	321	165	11	12	276	224	539	4.3e-25	119.8
NC_000913.3_1752	267734|Psol18327_1_GeneCatalog_proteins_20220503.aa.fasta|GH76	28.9	246	168	6	27	268	440	682	5.7e-19	99.8
NC_000913.3_1753	6225|Rhisola1_GeneCatalog_proteins_20210226.aa.fasta|GT31	29.3	174	105	6	63	228	260	423	8.4e-10	69.7
NC_000913.3_1754	350131|Clasp259_1_GeneCatalog_proteins_20220224.aa.fasta|GH2	26.0	338	227	8	23	352	898	1220	1.7e-29	134.8
NC_000913.3_1756	ALR10078.1|GT2	53.8	119	55	0	8	126	16	134	4.7e-33	145.2
NC_000913.3_1758	AKC88289.1|GH103	35.7	269	150	9	16	271	436	694	3.3e-31	140.2
NC_000913.3_1764	QXC62151.1|GH5_29	35.9	103	61	2	347	446	1053	1153	7.0e-10	70.1
NC_000913.3_1771	QXC62151.1|GH5_29	32.2	177	118	2	165	340	1041	1216	2.9e-15	87.4
NC_000913.3_1777	6690|Claps1_GeneCatalog_proteins_20160826.aa.fasta|GH130_3	33.8	358	189	14	2	357	3	314	6.0e-35	152.9
NC_000913.3_1782	15105|Colpa1_GeneCatalog_proteins_20180729.aa.fasta|GT32	28.2	595	364	15	45	582	454	1042	3.9e-52	210.7
NC_000913.3_1785	CUS04165.1|GT2	31.3	683	390	18	1	615	241	912	3.2e-68	264.2
NC_000913.3_1789	309222|Marpt1_GeneCatalog_proteins_20140919.aa.fasta|CBM50	28.9	356	189	8	157	448	888	1243	3.6e-29	134.0
NC_000913.3_1791	318|LnoICMP18003A_1_GeneCatalog_proteins_20201014.aa.fasta|CE4	33.6	581	238	10	1	449	51	615	3.8e-79	300.1
NC_000913.3_1792	AHO05496.1|GH73	30.1	458	291	10	79	523	60	501	1.7e-46	191.8
NC_000913.3_1803	AEH39117.1|GH93	28.1	253	164	5	13	251	444	692	9.7e-19	98.6
NC_000913.3_1804	AGS73729.1|CE14	30.4	385	244	9	12	380	16	392	2.7e-24	117.9
NC_000913.3_1808	30522|Achma1_GeneCatalog_proteins_20220407.aa.fasta|GH72	39.5	152	67	4	41	167	455	606	8.5e-22	108.2
NC_000913.3_1811	10227|Claps1_GeneCatalog_proteins_20160826.aa.fasta|GH3	37.2	296	152	7	43	318	314	595	5.7e-41	173.3
NC_000913.3_1821	AVM55139.1|GH65	47.6	678	346	5	3	675	683	1356	6.4e-179	632.1
NC_000913.3_1828	WAO96723.1|GH0	28.5	506	299	16	113	591	104	573	1.3e-45	189.1
NC_000913.3_1829	AWP09643.1|GT27	36.0	406	232	10	18	412	573	961	9.5e-60	235.7
NC_000913.3_1833	QJX02771.1|GT121	32.2	292	189	5	21	309	14	299	5.2e-30	136.3
NC_000913.3_1834	APE63483.1|CBM50	100.0	440	0	0	1	440	1	440	9.8e-250	866.7
NC_000913.3_1836	UGS35715.1|GT2|GT4	29.2	264	144	8	2	241	365	609	6.6e-17	92.4
NC_000913.3_1837	CCO09888.1|CE9	28.1	253	181	1	3	254	5	257	6.7e-20	102.4
NC_000913.3_1842	7279|Capep1_GeneCatalog_proteins_20160826.aa.fasta|GH81	27.6	254	168	7	1	241	45	295	7.2e-16	89.0
NC_000913.3_1854	68276|Aciri1_meta_GeneCatalog_proteins_20111216.aa.fasta|GT90	28.2	625	342	16	52	578	798	1413	5.0e-52	210.3
NC_000913.3_1860	QZY29579.1|GT2	38.2	110	67	1	7	116	9	117	2.8e-11	72.8
NC_000913.3_1863	QUH27666.1|GT4	39.5	124	61	2	341	450	217	340	1.8e-11	75.5
NC_000913.3_1864	QUH27666.1|GT4	43.4	99	40	3	369	452	243	340	2.1e-07	62.0
NC_000913.3_1871	AAN17394.1|GT77	100.0	113	0	0	1	113	51	163	9.2e-60	233.8
NC_000913.3_1874	QKI52646.1|GT20	100.0	474	0	0	1	474	1	474	1.7e-279	965.7
NC_000913.3_1875	UXA09080.1|GH65	29.8	245	159	6	20	254	190	431	3.5e-16	90.1
NC_000913.3_1876	BET87511.1|GH13_19	31.1	293	190	2	22	302	24	316	6.0e-26	122.9
NC_000913.3_1877	CUS04844.1|GH3	29.8	215	145	5	8	220	3	213	3.0e-16	91.3
NC_000913.3_1885	UTG91942.1|GT41	86.4	22	3	0	200	221	3	24	1.1e-04	51.6
NC_000913.3_1888	VDC92575.1|CBM20	30.5	118	79	3	2	118	1191	1306	7.3e-04	48.9
NC_000913.3_1891	QCC85257.1|GT4	38.7	243	128	7	4	240	5	232	3.1e-30	136.7
NC_000913.3_1892	AHC27751.1|CE4	56.0	175	77	0	42	216	37	211	1.5e-44	184.1
NC_000913.3_1893	115403|Hyspu1_1_GeneCatalog_proteins_20150205.aa.fasta|GH27	37.0	311	181	9	29	324	495	805	4.3e-40	169.9
NC_000913.3_1894	QHH08409.1|GH23	26.3	236	158	6	51	271	35	269	1.9e-07	61.2
NC_000913.3_1901	AKD61464.1|GH13_5	100.0	495	0	0	1	495	1	495	4.4e-307	1057.4
NC_000913.3_1926	AQX75032.1|GT55	27.5	273	169	9	9	260	418	682	1.6e-16	91.3
NC_000913.3_1927	BCD96671.1|CBM10	26.8	276	152	9	308	558	215	465	1.0e-12	79.7
NC_000913.3_1929	CAD7255253.1|GT9	65.3	150	49	2	11	158	196	344	1.6e-41	174.5
NC_000913.3_1940	CAI2717932.1|CE11	31.7	123	83	1	39	160	6	128	1.0e-12	78.6
NC_000913.3_1941	1085|Metac1_GeneCatalog_proteins_20131003.aa.fasta|GT1	34.1	138	73	2	18	138	115	251	4.3e-10	68.9
NC_000913.3_1949	UXF86891.1|GT9	99.1	234	2	0	1	234	1	234	6.9e-125	451.1
NC_000913.3_1956	QLE84536.1|CBM50	46.1	308	153	7	1	304	1	299	1.3e-65	254.6
NC_000913.3_1960	AJE21224.1|GT2	56.4	110	47	1	4	113	3	111	2.6e-29	134.0
NC_000913.3_1961	UUK94496.1|GT44	92.9	28	2	0	103	130	2531	2558	1.9e-07	60.1
NC_000913.3_1975	BCL82188.1|GT51	34.6	283	141	11	31	278	717	990	6.2e-22	109.8
NC_000913.3_1984	8058|Capep1_GeneCatalog_proteins_20160826.aa.fasta|GT1	31.1	309	189	4	6	294	10	314	6.9e-29	132.5
NC_000913.3_1986	2816|Pocchl1_GeneCatalog_proteins_20170916.aa.fasta|GT2	32.6	389	216	11	10	352	18	406	4.8e-45	186.4
NC_000913.3_1987	CUQ68096.1|GT9	39.4	137	80	1	6	142	385	518	3.6e-24	117.1
NC_000913.3_1993	CAI32746.1|GT4	54.8	394	172	1	1	388	1	394	1.1e-124	451.1
NC_000913.3_1994	CBA03971.1|GT30	52.0	394	188	1	3	395	2	395	1.6e-109	401.0
NC_000913.3_1995	BAJ43822.1|GT2	100.0	93	0	0	1	93	1	93	3.2e-49	198.4
NC_000913.3_1996	AJE21224.1|GT2	56.4	110	47	1	4	113	3	111	2.6e-29	134.0
NC_000913.3_1997	APQ21072.1|GT2	100.0	157	0	0	1	157	1	157	4.2e-86	321.6
NC_000913.3_1998	QAA89403.1|GT4	100.0	372	0	0	1	372	1	372	1.8e-215	752.7
NC_000913.3_1999	WLG83406.1|GT2|GT99	33.6	143	79	3	38	180	23	149	5.8e-08	62.4
NC_000913.3_2000	AKF68303.1|GT113	100.0	330	0	0	1	330	1	330	1.1e-192	676.8
NC_000913.3_2001	QXZ38501.1|GT131	100.0	388	0	0	1	388	1	388	3.1e-207	725.3
NC_000913.3_2002	BDZ42842.1|GT2	44.8	375	190	9	3	362	307	679	3.3e-89	333.2
NC_000913.3_2005	QAY63367.1|GT2	63.7	281	101	1	5	285	317	596	2.7e-102	376.3
NC_000913.3_2006	AZZ45689.1|GT2	35.0	294	187	3	1	293	356	646	3.6e-46	189.9
NC_000913.3_2007	QWA11134.1|GT2	56.2	363	149	3	1	361	288	642	2.2e-114	416.8
NC_000913.3_2008	CAI32748.1|GT4	40.7	302	157	9	5	294	6	297	1.1e-47	194.9
NC_000913.3_2010	QEJ28683.1|GT4	100.0	406	0	0	1	406	1	406	9.4e-231	803.5
NC_000913.3_2011	VTP71052.1|GT4	59.5	79	32	0	343	421	1	79	6.2e-15	86.7
NC_000913.3_2012	QHC70711.1|GT4	33.6	441	292	1	1	441	1	440	2.0e-62	244.6
NC_000913.3_2013	AWW69811.1|GT2	40.4	188	110	1	267	454	332	517	2.1e-32	144.8
NC_000913.3_2015	AGN91810.2|GT4	66.4	473	159	0	6	478	2	474	9.2e-185	651.0
NC_000913.3_2016	AKR25290.1|GT4	100.0	407	0	0	1	407	1	407	5.7e-236	820.8
NC_000913.3_2018	BCM82684.1|GT2	25.8	337	194	15	3	314	13	318	2.9e-09	67.4
NC_000913.3_2019	107570|Triple1_GeneCatalog_proteins_20181221.aa.fasta|GT1	50.7	365	163	4	2	366	9	356	2.5e-97	360.1
NC_000913.3_2020	QIB34269.1|GT4	50.8	177	87	0	2	178	10	186	1.8e-48	196.8
NC_000913.3_2021	AXL17299.1|GT2	100.0	248	0	0	1	248	1	248	3.8e-142	508.4
NC_000913.3_2023	AIF37317.1|GT0	100.0	405	0	0	1	405	1	405	1.2e-238	829.7
NC_000913.3_2024	VDZ74234.1|GT2	84.6	162	25	0	1	162	74	235	3.5e-75	285.4
NC_000913.3_2025	AXA09444.1|GT2	100.0	279	0	0	1	279	1	279	2.4e-164	582.4
NC_000913.3_2026	687136|Zoprh1_GeneCatalog_proteins_20130606.aa.fasta|GT4	23.2	383	268	6	327	702	1668	2031	9.7e-21	106.7
NC_000913.3_2028	UIJ39308.1|GT2	24.8	286	181	10	85	361	404	664	6.9e-18	96.3
NC_000913.3_2032	CAG7859860.1|PL1_1	40.4	198	114	1	7	204	722	915	1.2e-38	164.5
NC_000913.3_2033	WZH72566.1|CBM41	28.1	423	280	9	685	1096	219	628	5.9e-25	121.3
NC_000913.3_2043	ACT97502.1|GH78	30.1	229	152	4	793	1018	323	546	5.8e-19	101.3
NC_000913.3_2044	ARF89445.1|GT1	30.5	419	268	9	20	425	475	883	1.6e-35	155.2
NC_000913.3_2045	CCO12625.1|GH38	26.6	308	206	6	154	441	166	473	1.9e-25	121.7
NC_000913.3_2046	CAZ97137.1|GT2	28.8	205	132	4	12	214	2	194	2.2e-09	67.4
NC_000913.3_2054	QEO97765.1|GH28	31.8	245	160	3	5	243	4	247	2.4e-26	124.0
NC_000913.3_2056	AGL64020.1|AA10	26.0	288	196	6	1	275	1	284	4.7e-13	80.1
NC_000913.3_2068	AKD92268.1|GH25	100.0	272	0	0	1	272	1	272	9.3e-158	560.5
NC_000913.3_2070	340602|Clasp259_1_GeneCatalog_proteins_20220224.aa.fasta|GH30_7	37.0	246	147	5	19	256	723	968	2.0e-24	117.5
NC_000913.3_2079	2432|Butyri1_GeneCatalog_proteins_20200504.aa.fasta|AA3_3	41.6	255	140	6	103	349	730	983	1.6e-43	181.4
NC_000913.3_2080	CCO12633.1|GH84	29.4	677	426	13	6	658	5	653	5.5e-74	283.5
NC_000913.3_2092	QNM86894.1|GT2	30.0	120	75	5	2	117	1	115	3.3e-05	53.5
NC_000913.3_2097	UTI62271.1|GT1	36.3	215	127	6	14	223	380	589	9.0e-24	115.5
NC_000913.3_2100	AQZ76816.1|GH3	100.0	755	0	0	1	755	1	755	0.0e+00	1493.0
NC_000913.3_2102	ASK79792.1|CBM50	40.0	305	173	4	5	306	3	300	3.1e-48	196.8
NC_000913.3_2105	7615|Lentinedodes1_GeneCatalog_proteins_20190125.aa.fasta|GH35	37.7	247	141	6	5	241	6	249	3.4e-29	133.3
NC_000913.3_2106	AXY45169.1|GH3	98.2	396	7	0	1	396	83	478	4.3e-212	741.5
NC_000913.3_2114	CAG5096898.1|GT10	37.4	318	182	7	5	316	951	1257	2.4e-48	197.6
NC_000913.3_2115	BET87511.1|GH13_19	33.3	282	179	5	10	290	21	294	2.6e-24	117.5
NC_000913.3_2116	CCO11681.1|GH25	25.8	221	146	4	13	228	1	208	1.3e-16	92.4
NC_000913.3_2118	WXK62154.1|GH1	32.2	311	204	3	3	309	459	766	6.3e-26	122.9
NC_000913.3_2120	ALR08829.1|GT2	36.3	168	101	3	54	218	30	194	2.3e-21	107.1
NC_000913.3_2121	WTL34619.1|CE1	25.2	222	132	6	20	235	32	225	6.0e-11	72.8
NC_000913.3_2123	2753|Psehu1_GeneCatalog_proteins_20130926.aa.fasta|GH13_40	40.7	472	271	5	13	481	690	1155	6.5e-93	345.9
NC_000913.3_2129	UOH82663.1|GH0	31.2	304	154	9	5	253	4	307	1.1e-21	108.6
NC_000913.3_2133	669|Capep1_GeneCatalog_proteins_20160826.aa.fasta|GH16_1	24.5	331	199	7	7	288	9	337	8.0e-12	75.9
NC_000913.3_2134	QKE88473.1|GH38	34.3	329	212	2	218	546	2	326	2.6e-45	188.0
NC_000913.3_2137	UVS82500.1|GT2	33.7	347	228	1	28	374	18	362	2.9e-43	180.6
NC_000913.3_2141	9130|Aspuda1_GeneCatalog_proteins_20160920.aa.fasta|GH28	31.6	133	79	2	6	133	428	553	4.2e-11	73.6
NC_000913.3_2143	AEF93455.1|CBM50	45.9	122	65	1	64	185	94	214	2.5e-24	116.7
NC_000913.3_2144	AHO05496.1|GH73	31.8	447	293	7	71	512	55	494	1.6e-49	201.8
NC_000913.3_2145	AZV31449.1|GH23	40.9	591	335	7	15	596	230	815	9.7e-123	445.3
NC_000913.3_2146	AZV31449.1|GH23	60.8	367	134	2	1	364	817	1176	3.5e-120	436.0
NC_000913.3_2148	2659|Pocchl1_GeneCatalog_proteins_20170916.aa.fasta|GH3	32.1	243	146	8	270	508	1031	1258	3.0e-19	101.3
NC_000913.3_2150	QKX57008.1|GH27	29.9	184	128	1	9	191	125	308	3.0e-16	90.9
NC_000913.3_2152	VEE83714.1|GH0	28.9	408	223	17	2	388	1	362	2.5e-27	128.3
NC_000913.3_2158	AJE21224.1|GT2	56.4	110	47	1	4	113	3	111	2.6e-29	134.0
NC_000913.3_2159	AYN68646.1|GT2	32.4	105	64	4	8	109	2	102	4.2e-04	49.7
NC_000913.3_2167	AMJ21354.1|GT9	28.6	182	114	6	16	185	482	659	4.6e-08	62.8
NC_000913.3_2172	QKX52201.1|CBM50	28.9	823	468	15	32	828	12	743	5.3e-95	353.6
NC_000913.3_2178	CAE5963706.1|GT77	28.6	234	153	6	323	543	455	687	3.9e-14	84.3
NC_000913.3_2179	BCH13517.1|CBM50	43.8	185	95	6	31	211	217	396	4.4e-33	146.0
NC_000913.3_2180	90758|Triatrob1_GeneCatalog_proteins_20181004.aa.fasta|GT50	40.8	130	66	2	18	136	326	455	7.7e-19	99.4
NC_000913.3_2181	QEH36253.1|GH171	27.0	278	195	6	68	343	63	334	9.0e-20	102.4
NC_000913.3_2185	CAE6200414.1|CBM43	25.7	608	330	12	454	943	573	1176	1.0e-41	176.8
NC_000913.3_2186	AHC20320.1|GT5	29.6	216	144	4	391	599	244	458	2.6e-19	101.7
NC_000913.3_2187	ABN00245.1|GT2	39.5	451	260	5	7	453	4	445	9.8e-83	312.0
NC_000913.3_2189	96008|Conap1_GeneCatalog_proteins_20160826.aa.fasta|GT20	45.1	213	108	5	4	209	1237	1447	9.4e-44	181.4
NC_000913.3_2191	409302|CocheC4_6_GeneCatalog_proteins_20220427.aa.fasta|GH16_1	45.4	392	209	4	6	394	9	398	5.3e-77	292.7
NC_000913.3_2192	QNU68623.1|CBM2	29.8	124	76	4	143	257	1303	1424	3.5e-05	53.5
NC_000913.3_2198	AKQ02536.1|GT51	53.5	114	52	1	178	290	466	579	2.0e-23	115.9
NC_000913.3_2199	BAJ64955.1|GT4	32.4	105	70	1	58	161	768	872	2.2e-09	67.4
NC_000913.3_2206	AWB43051.1|CBM9	29.3	198	97	8	33	230	1064	1218	1.2e-11	75.5
NC_000913.3_2208	ATE86697.1|GH36	29.6	450	262	14	5	432	720	1136	6.9e-27	126.7
NC_000913.3_2213	1967|Capcor1_GeneCatalog_proteins_20160826.aa.fasta|AA5	31.2	250	147	6	14	239	11	259	3.0e-23	113.6
NC_000913.3_2214	7034|Clasph1_GeneCatalog_proteins_20160727.aa.fasta|GH88	25.8	426	284	10	17	417	121	539	1.7e-17	95.1
NC_000913.3_2215	1766|Armme1_1_GeneCatalog_proteins_20140802.aa.fasta|AA9	31.4	277	161	10	66	325	19	283	4.3e-18	97.1
NC_000913.3_2221	AVR04211.1|GT2	85.0	173	26	0	7	179	1	173	1.2e-78	298.1
NC_000913.3_2222	AZQ81037.1|GT2	100.0	322	0	0	1	322	1	322	3.9e-179	631.7
NC_000913.3_2223	AWQ85984.1|GT83	69.5	650	195	3	2	650	4	651	3.6e-272	941.8
NC_000913.3_2225	UMV04955.1|GT83	100.0	550	0	0	1	550	1	550	2.9e-307	1058.1
NC_000913.3_2229	5855|Claps1_GeneCatalog_proteins_20160826.aa.fasta|GH152	27.5	338	199	15	133	425	201	537	4.1e-17	94.0
NC_000913.3_2239	QUL54870.1|CBM2	25.1	183	127	4	206	388	643	815	3.0e-04	51.6
NC_000913.3_2240	UJL45938.1|GH3	30.4	168	100	7	45	207	697	852	1.7e-09	68.2
NC_000913.3_2246	AGK90688.1|GH34	32.0	228	151	3	259	486	3	226	1.6e-17	95.5
NC_000913.3_2251	CUS04569.1|GT2	37.8	328	182	5	8	319	33	354	4.2e-48	196.4
NC_000913.3_2253	2176|Pocchl1_GeneCatalog_proteins_20170916.aa.fasta|GH16	43.3	383	211	4	48	425	76	457	3.0e-89	333.6
NC_000913.3_2255	12577|Armme1_1_GeneCatalog_proteins_20140802.aa.fasta|GH3	40.9	396	227	3	208	600	63	454	2.3e-84	317.8
NC_000913.3_2256	ASV72173.1|GH34	51.6	153	71	2	29	179	9	160	2.7e-38	163.3
NC_000913.3_2263	QZD55877.1|GH13	40.0	200	112	2	4	203	8	199	3.7e-32	142.9
NC_000913.3_2266	3848|Ascap1_GeneCatalog_proteins_20210318.aa.fasta|AA1_3	36.2	373	219	6	4	361	3	371	5.7e-55	219.5
NC_000913.3_2272	173|Stano2_GeneCatalog_proteins_20110506.aa.fasta|AA5_1|CBM18	46.3	216	108	3	2	214	863	1073	7.6e-46	188.3
NC_000913.3_2274	905828|Myccro1_GeneCatalog_proteins_20171013.aa.fasta|GT2	23.6	263	169	6	3	234	9	270	3.7e-06	57.0
NC_000913.3_2276	AMD89422.1|GT4	36.7	210	120	5	10	217	9	207	6.4e-23	112.5
NC_000913.3_2279	WGV26608.1|GH1	25.4	173	122	4	81	253	271	436	2.7e-05	53.9
NC_000913.3_2280	WGV26608.1|GH1	25.8	178	115	5	81	253	271	436	3.2e-06	57.0
NC_000913.3_2282	AKG15280.1|GH103	62.7	490	179	4	1	488	1	488	8.0e-171	604.7
NC_000913.3_2285	5213|Rhisol1_GeneCatalog_proteins_20210223.aa.fasta|GH28	29.6	453	240	16	28	408	4	449	1.8e-27	128.3
NC_000913.3_2290	12044|Pensub1_GeneCatalog_proteins_20160929.aa.fasta|GT90	22.6	305	193	8	34	300	38	337	6.9e-10	69.7
NC_000913.3_2293	1842|Rhich1_GeneCatalog_proteins_20131210.aa.fasta|GT57	38.7	362	211	7	53	404	525	885	6.2e-57	226.1
NC_000913.3_2301	ALR09147.1|GT51	27.6	181	105	6	8	172	7	177	9.2e-08	61.6
NC_000913.3_2306	AMN37385.1|GT8	31.8	223	143	6	8	226	4	221	7.8e-18	95.5
NC_000913.3_2311	209960|Melli1_GeneCatalog_proteins_20150227.aa.fasta|GH5_9	33.3	195	116	6	15	204	46	231	1.3e-17	96.3
NC_000913.3_2312	409302|CocheC4_6_GeneCatalog_proteins_20220427.aa.fasta|GH16_1	30.7	424	257	6	15	435	7	396	2.3e-41	174.5
NC_000913.3_2319	AKO57862.1|GT2	100.0	306	0	0	1	306	1	306	9.8e-172	607.1
NC_000913.3_2336	ARF89445.1|GT1	42.9	497	279	3	10	504	457	950	1.0e-112	411.8
NC_000913.3_2338	QXP60258.1|GT2	28.7	115	80	2	1	114	1	114	1.5e-06	57.8
NC_000913.3_2339	734184|Fusoxys1_GeneCatalog_proteins_20180511.aa.fasta|AA2	29.7	414	254	9	691	1070	589	999	1.2e-39	170.2
NC_000913.3_2340	QKX53460.1|AA4	34.7	392	240	5	2	378	629	1019	6.0e-62	242.7
NC_000913.3_2343	44329|Bysni1_GeneCatalog_proteins_20180319.aa.fasta|AA4	29.3	437	263	8	4	416	666	1080	2.6e-42	177.6
NC_000913.3_2347	QJX02771.1|GT121	34.8	290	186	3	14	302	14	301	2.0e-44	184.1
NC_000913.3_2348	UPT38526.1|GT2	25.6	270	172	12	18	271	274	530	5.8e-10	70.1
NC_000913.3_2351	QJQ71886.1|GH0	27.3	132	93	2	148	279	120	248	7.6e-09	65.9
NC_000913.3_2352	CAG7883609.1|GT1	26.4	458	257	14	263	649	592	1040	1.1e-20	106.7
NC_000913.3_2355	QKE88473.1|GH38	29.2	366	211	8	34	397	9	328	5.1e-30	136.7
NC_000913.3_2360	CAE6188482.1|GT2	26.1	402	278	7	23	406	74	474	2.3e-27	127.9
NC_000913.3_2378	UKZ54300.1|GH3	35.4	285	164	8	11	286	11	284	4.2e-32	143.3
NC_000913.3_2380	QIP41401.1|CE9	37.4	433	252	6	122	552	122	537	8.2e-63	246.1
NC_000913.3_2381	XBX17874.1|GH1	37.9	140	86	1	23	161	138	277	3.5e-22	109.4
NC_000913.3_2382	8999|Rhisola1_GeneCatalog_proteins_20210226.aa.fasta|GH30_3	32.8	192	123	4	28	215	420	609	1.8e-15	87.8
NC_000913.3_2386	AJC53641.1|GT2	36.4	231	135	5	2	230	658	878	1.6e-27	128.3
NC_000913.3_2390	55|Capcor1_GeneCatalog_proteins_20160826.aa.fasta|AA1_3	35.4	268	155	6	1	254	1	264	3.6e-29	133.3
NC_000913.3_2392	WJS81892.1|GH170	52.0	294	141	0	2	295	362	655	1.6e-73	280.8
NC_000913.3_2393	AOG60880.1|GH32	24.3	441	298	12	3	426	7	428	6.2e-24	116.7
NC_000913.3_2394	UBM57222.1|GH3	33.5	445	234	14	17	433	575	985	7.6e-53	212.6
NC_000913.3_2399	AZT85888.1|CBM50	49.2	244	118	3	39	276	123	366	9.2e-55	218.4
NC_000913.3_2434	ACT97502.1|GH78	42.9	217	123	1	813	1028	322	538	1.5e-43	183.0
NC_000913.3_2439	CAG5112430.1|GT18	27.1	258	158	7	255	483	784	1040	6.3e-14	84.0
NC_000913.3_2440	CAD7222045.1|CE4	49.5	198	98	2	86	282	218	414	7.3e-52	208.8
NC_000913.3_2453	CUS02141.1|GT4	28.6	154	100	4	1	154	1	144	2.0e-05	55.5
NC_000913.3_2455	ASV72173.1|GH34	42.6	122	65	2	43	163	40	157	1.2e-18	98.2
NC_000913.3_2457	ABN00245.1|GT2	45.7	258	139	1	327	584	121	377	1.9e-58	231.9
NC_000913.3_2464	9466|Claps1_GeneCatalog_proteins_20160826.aa.fasta|AA4	23.7	236	112	5	8	207	16	219	1.1e-09	68.2
NC_000913.3_2465	CCO12102.1|GH13_31	48.7	341	169	3	8	344	4	342	2.7e-85	320.1
NC_000913.3_2469	AXW97137.1|GT107	28.9	194	135	2	540	730	196	389	5.6e-11	74.3
NC_000913.3_2474	13268|Pensub1_GeneCatalog_proteins_20160929.aa.fasta|GH131	45.8	526	263	7	10	519	17	536	2.5e-127	460.3
NC_000913.3_2475	145004|Jimfl_GMNB39_1_GeneCatalog_proteins_20180904.aa.fasta|GH31_1	35.7	507	280	8	9	473	72	574	2.7e-67	260.8
NC_000913.3_2476	CCO11632.1|GH3	45.8	253	134	2	6	256	2	253	5.2e-60	236.5
NC_000913.3_2478	607448|Pezech1_GeneCatalog_proteins_20180326.aa.fasta|CBM1	46.8	62	33	0	203	264	513	574	1.9e-07	62.0
NC_000913.3_2482	QYU68416.1|GT2	62.5	304	114	0	7	310	419	722	4.9e-101	372.5
NC_000913.3_2486	VED25066.1|GT51	100.0	757	0	0	1	757	1	757	0.0e+00	1565.1
NC_000913.3_2492	146247|Claim1_GeneCatalog_proteins_20160902.aa.fasta|GH71	45.8	96	48	2	15	106	524	619	2.8e-15	85.9
NC_000913.3_2493	201643|Melli1_GeneCatalog_proteins_20150227.aa.fasta|GT1	38.3	588	321	10	21	567	1315	1901	7.4e-94	349.4
NC_000913.3_2496	9872|Claps1_GeneCatalog_proteins_20160826.aa.fasta|GT2	66.1	124	39	2	2	124	40	161	7.0e-39	164.5
NC_000913.3_2500	710|Ambph1_GeneCatalog_proteins_20181206.aa.fasta|GT71	31.1	235	145	4	9	233	655	882	1.7e-26	124.4
NC_000913.3_2507	AMM31157.1|GH13_16	45.6	90	47	2	10	99	612	699	7.7e-15	84.3
NC_000913.3_2508	4350|Capcor1_GeneCatalog_proteins_20160826.aa.fasta|CBM21	30.0	200	122	6	7	196	32	223	1.0e-10	72.0
NC_000913.3_2512	9360|Pocchl1_GeneCatalog_proteins_20170916.aa.fasta|GT32	28.0	336	207	11	29	349	53	368	1.5e-19	101.7
NC_000913.3_2514	CCO11681.1|GH25	28.8	219	138	6	266	480	1	205	4.1e-18	97.4
NC_000913.3_2517	WML49131.1|GH1	45.9	74	37	3	176	247	553	625	2.6e-07	61.2
NC_000913.3_2518	AMJ20543.1|GH13_11	54.6	405	178	3	15	415	7	409	5.0e-118	429.1
NC_000913.3_2521	ABN00245.1|GT2	34.9	453	274	6	7	441	3	452	2.3e-65	254.2
NC_000913.3_2523	AHC20320.1|GT5	26.1	299	208	7	161	455	170	459	4.6e-16	90.5
NC_000913.3_2524	2074615|Phoaln1_GeneCatalog_proteins_20160826.aa.fasta|GT1	49.1	1266	542	21	55	1281	39	1240	0.0e+00	1108.6
NC_000913.3_2525	ABV06970.1|GH23	100.0	518	0	0	1	518	1	518	1.2e-299	1032.7
NC_000913.3_2526	WPK82859.1|GH13	40.1	142	85	0	12	153	489	630	4.4e-25	119.0
NC_000913.3_2533	CAE6264028.1|GH5_7	32.9	292	192	2	9	297	552	842	7.6e-44	182.2
NC_000913.3_2536	CAE6204650.1|GH28	50.1	601	290	6	2	594	745	1343	3.2e-166	589.7
NC_000913.3_2543	ALR09738.1|GH18	40.6	392	223	6	1	384	6	395	3.0e-65	253.8
NC_000913.3_2547	UJR37273.1|CBM13|GT27	47.5	221	114	2	1	220	577	796	2.4e-53	213.4
NC_000913.3_2549	1579035|Lacviv1_GeneCatalog_proteins_20180627.aa.fasta|GH47	49.4	83	39	2	47	127	14	95	9.1e-16	87.8
NC_000913.3_2552	611951|Phiatr1_GeneCatalog_proteins_20220225.aa.fasta|GH5_5	23.5	452	278	14	18	415	62	499	2.9e-15	87.8
NC_000913.3_2557	1161|Capcor1_GeneCatalog_proteins_20160826.aa.fasta|GH76	48.8	848	424	6	7	846	8	853	5.8e-222	775.4
NC_000913.3_2559	6274|Ambph1_GeneCatalog_proteins_20181206.aa.fasta|GT2	30.0	180	112	5	83	256	933	1104	6.8e-14	82.8
NC_000913.3_2564	3895|Fonpe1_GeneCatalog_proteins_20160901.aa.fasta|GH13_25|GH133	47.8	345	176	3	3	343	1545	1889	6.0e-88	328.9
NC_000913.3_2567	QXC62151.1|GH5_29	39.3	163	92	5	243	401	1044	1203	3.1e-16	90.9
NC_000913.3_2573	8232|Capep1_GeneCatalog_proteins_20160826.aa.fasta|GT59	31.6	440	292	5	1	437	2	435	3.7e-50	203.8
NC_000913.3_2577	1767|Capep1_GeneCatalog_proteins_20160826.aa.fasta|GH106	31.9	144	97	1	146	288	313	456	5.5e-15	86.3
NC_000913.3_2611	ULK81424.1|GH13	99.1	110	1	0	1	110	1	110	4.9e-57	224.6
NC_000913.3_2612	BCN98494.1|GH0	99.6	228	1	0	1	228	1	228	5.1e-133	478.0
NC_000913.3_2613	ULK81424.1|GH13	99.2	263	2	0	1	263	351	613	5.0e-148	528.1
NC_000913.3_2616	123061|Acastr1_GeneCatalog_proteins_20160720.aa.fasta|GH36	55.1	477	208	3	2	472	899	1375	4.7e-152	542.3
NC_000913.3_2617	104559|Epityp1_GeneCatalog_proteins_20180725.aa.fasta|GH115	30.2	440	248	15	14	423	1109	1519	2.0e-45	188.0
NC_000913.3_2618	AWK41767.1|GH13_3	30.7	430	293	3	9	434	17	445	1.3e-55	221.9
NC_000913.3_2620	AXT75264.1|CBM50	100.0	149	0	0	1	149	1	149	6.9e-78	294.3
NC_000913.3_2632	CAE5963706.1|GT77	34.9	218	128	6	44	254	473	683	4.9e-22	110.2
NC_000913.3_2641	ARF89445.1|GT1	45.3	499	272	1	6	504	457	954	6.5e-120	435.6
NC_000913.3_2645	WNS44300.1|GH65	35.1	191	117	4	1	185	765	954	1.0e-22	111.3
NC_000913.3_2648	CAE5959515.1|GT31	28.2	301	134	12	56	337	3	240	4.2e-18	98.2
NC_000913.3_2649	CUS05291.1|GT4	31.1	161	95	5	3	160	58	205	6.6e-05	52.0
NC_000913.3_2651	QRN84157.1|GT28	42.1	152	85	2	5	155	4	153	4.8e-24	115.5
NC_000913.3_2652	AKK15388.1|GH103	100.0	396	0	0	1	396	1	396	6.0e-230	800.8
NC_000913.3_2656	7615|Lentinedodes1_GeneCatalog_proteins_20190125.aa.fasta|GH35	30.6	258	157	7	5	254	6	249	5.6e-19	99.4
NC_000913.3_2658	QTU65776.1|GH4	33.2	244	156	5	5	246	12	250	1.6e-26	124.4
NC_000913.3_2660	BBM86919.1|GT4	46.7	246	126	1	183	428	417	657	7.5e-52	209.5
NC_000913.3_2665	QFY07277.1|GH1	33.3	333	212	5	4	334	459	783	8.6e-36	155.6
NC_000913.3_2666	AHA66737.1|GH1	93.7	301	14	1	1	301	1	296	3.6e-144	516.2
NC_000913.3_2667	QJS69943.1|GH1	100.0	474	0	0	1	474	1	474	5.2e-289	997.3
NC_000913.3_2670	ASV72173.1|GH34	42.6	108	61	1	47	153	40	147	1.2e-18	98.2
NC_000913.3_2672	CUS02141.1|GT4	29.8	121	82	2	31	151	27	144	5.7e-08	63.9
NC_000913.3_2680	WYB40194.1|GT0	47.8	180	94	0	84	263	159	338	1.5e-44	184.9
NC_000913.3_2682	ABN00245.1|GT2	42.2	341	179	8	360	689	121	454	1.2e-60	239.2
NC_000913.3_2685	4206718|PpacPPUFV02_GeneCatalog_proteins_20210128.aa.fasta|GT22	32.0	566	337	13	267	798	551	1102	1.8e-58	232.3
NC_000913.3_2693	CUS04167.1|GT4	39.5	286	146	1	56	314	156	441	1.1e-48	198.4
NC_000913.3_2694	UUR42650.1|CBM50	100.0	379	0	0	1	379	1	379	4.4e-174	615.1
NC_000913.3_2695	9028|Capcor1_GeneCatalog_proteins_20160826.aa.fasta|GH12	31.1	209	115	5	21	202	189	395	8.5e-18	95.1
NC_000913.3_2698	CDL66477.1|GT4	50.9	110	54	0	47	156	330	439	4.7e-24	115.5
NC_000913.3_2716	CAE5971310.1|CBM43|GH17	29.0	379	232	7	244	586	230	607	4.4e-35	154.1
NC_000913.3_2723	7832|Grocl1_GeneCatalog_proteins_20131017.aa.fasta|GH72	27.6	192	133	3	56	241	537	728	2.3e-10	71.6
NC_000913.3_2724	900363|Mycalb1_GeneCatalog_proteins_20180325.aa.fasta|AA7	27.0	189	129	5	51	238	57	237	3.3e-04	51.2
NC_000913.3_2725	10001|Exoaq1_GeneCatalog_proteins_20160901.aa.fasta|AA1_3	36.9	252	151	4	14	257	12	263	6.0e-29	132.5
NC_000913.3_2731	CCO12112.1|GH13_31	61.0	428	159	3	1	424	1	424	9.0e-139	498.0
NC_000913.3_2736	CAE5967213.1|GH28	36.3	328	203	5	60	386	244	566	2.9e-52	211.5
NC_000913.3_2738	CAE6200414.1|CBM43	39.9	286	120	3	283	516	579	864	3.1e-48	198.4
NC_000913.3_2741	CAD7247509.1|GH85	27.3	455	280	13	13	437	1688	2121	2.6e-27	127.9
NC_000913.3_2743	3302155|Favcal1_2_GeneCatalog_proteins_20220405.aa.fasta|CBM35|GH43_24	28.6	210	140	6	2	206	391	595	4.0e-09	66.6
NC_000913.3_2749	318|LnoICMP18003A_1_GeneCatalog_proteins_20201014.aa.fasta|CE4	34.9	585	233	11	1	453	51	619	2.9e-79	300.4
NC_000913.3_2765	ATG04361.1|GH102	100.0	365	0	0	1	365	1	365	1.3e-215	753.1
NC_000913.3_2766	QJQ99761.1|CBM50	43.1	413	212	7	13	407	5	412	2.5e-77	293.9
NC_000913.3_2776	3220|Capep1_GeneCatalog_proteins_20160826.aa.fasta|GH15	44.3	325	119	8	3	265	25	349	9.0e-65	251.5
NC_000913.3_2778	QIP41401.1|CE9	30.1	564	365	11	170	728	8	547	1.9e-59	235.3
NC_000913.3_2784	8383|Liccor1_GeneCatalog_proteins_20160306.aa.fasta|GH46	27.6	352	208	10	3	337	375	696	5.4e-17	93.2
NC_000913.3_2786	5855|Claps1_GeneCatalog_proteins_20160826.aa.fasta|GH152	25.7	534	345	17	205	701	35	553	3.0e-22	111.7
NC_000913.3_2787	QFY07277.1|GH1	31.0	335	213	6	3	330	459	782	1.5e-27	128.3
NC_000913.3_2791	CAG9867742.1|CBM93|GH33	35.1	288	167	4	23	291	11	297	2.0e-43	181.4
NC_000913.3_2792	CUS04972.1|GT4	35.3	255	161	3	1	252	1	254	1.3e-31	141.4
NC_000913.3_2793	QEO99716.1|CE12	54.4	114	50	1	157	270	10	121	1.7e-29	134.4
NC_000913.3_2794	409302|CocheC4_6_GeneCatalog_proteins_20220427.aa.fasta|GH16_1	43.3	390	217	4	4	390	7	395	4.3e-79	299.7
NC_000913.3_2804	VEB43334.1|GH23	30.8	403	255	5	20	412	23	411	1.7e-42	178.3
NC_000913.3_2806	APL27253.1|GH23	100.0	124	0	0	1	124	1	124	2.4e-68	262.3
NC_000913.3_2814	AKR30515.1|CBM50	100.0	251	0	0	1	251	1	251	2.6e-130	469.2
NC_000913.3_2818	BBM86919.1|GT4	40.6	318	177	4	272	589	421	726	1.3e-55	222.2
NC_000913.3_2822	594957|Radspe1_GeneCatalog_proteins_20161011.aa.fasta|GT47	30.2	397	251	11	53	436	2	385	1.4e-36	158.7
NC_000913.3_2827	CAG5096898.1|GT10	28.5	439	282	13	436	844	482	918	3.8e-34	151.8
NC_000913.3_2832	9669|Exoaq1_GeneCatalog_proteins_20160901.aa.fasta|AA1_3	23.0	452	271	14	36	434	25	452	1.1e-19	102.4
NC_000913.3_2839	QGN28876.1|GT119	51.0	469	217	4	40	502	242	703	6.9e-122	442.2
NC_000913.3_2840	AGL64700.1|GH23	38.2	280	161	5	15	291	78	348	4.4e-44	183.0
NC_000913.3_2843	AGL64181.1|CBM50	33.1	293	190	4	11	298	9	300	9.3e-34	148.7
NC_000913.3_2848	APO29146.1|GH1	91.5	177	5	1	43	219	76	242	2.6e-81	306.2
NC_000913.3_2850	QEG88815.1|GH1	100.0	477	0	0	1	477	1	477	1.4e-297	1025.8
NC_000913.3_2851	WBO59353.1|GH15	36.5	249	150	4	4	246	26	272	1.2e-31	141.4
NC_000913.3_2857	4186|Ascap1_GeneCatalog_proteins_20210318.aa.fasta|GH5_9	33.0	418	250	7	24	434	57	451	1.0e-52	212.2
NC_000913.3_2861	3960|Psehu1_GeneCatalog_proteins_20130926.aa.fasta|GH55_2	36.5	197	111	4	85	269	124	318	1.1e-21	109.0
NC_000913.3_2884	394521|Prola1_GeneCatalog_proteins_20160129.aa.fasta|GH53	35.7	322	160	9	30	305	410	730	1.5e-42	177.9
NC_000913.3_2887	CAD1828654.1|GH3	43.9	374	150	7	5	369	562	884	1.6e-70	271.2
NC_000913.3_2888	9757|Exoaq1_GeneCatalog_proteins_20160901.aa.fasta|AA1_3	31.7	486	276	12	16	451	27	506	3.9e-47	193.7
NC_000913.3_2896	112594|Volvo1_GeneCatalog_proteins_20130703.aa.fasta|CE4	37.2	258	121	8	8	229	274	526	5.6e-26	122.5
NC_000913.3_2906	CCO11994.1|GT4	40.4	265	156	2	4	267	24	287	6.8e-52	209.1
NC_000913.3_2908	VDY97466.1|GH23	100.0	359	0	0	1	359	1	359	3.5e-205	718.4
NC_000913.3_2923	QSZ31245.1|GT31	24.6	378	260	7	56	428	548	905	8.2e-27	126.3
NC_000913.3_2926	AJE21224.1|GT2	56.4	110	47	1	4	113	3	111	2.6e-29	134.0
NC_000913.3_2933	173|Stano2_GeneCatalog_proteins_20110506.aa.fasta|AA5_1|CBM18	37.9	214	116	4	45	255	863	1062	1.2e-33	148.3
NC_000913.3_2946	ARA85284.1|CE12	61.5	330	124	2	1	330	43	369	2.1e-114	416.8
NC_000913.3_2947	AUN36694.1|GH13_18	70.0	80	19	2	53	132	1	75	6.3e-16	88.6
NC_000913.3_2948	ALK30190.1|GT9	55.4	139	62	0	4	142	10	148	2.6e-36	157.1
NC_000913.3_2955	5936|Colme1_GeneCatalog_proteins_20180731.aa.fasta|GH10	33.8	281	165	5	15	274	510	790	1.8e-39	167.5
NC_000913.3_2959	1323574|Mycvit1_GeneCatalog_proteins_20171013.aa.fasta|AA1_1	24.9	237	145	8	71	283	77	304	6.2e-08	63.5
NC_000913.3_2960	57080|Triol1_GeneCatalog_proteins_20140430.aa.fasta|GT4	30.6	193	128	3	46	232	53	245	1.1e-21	108.2
NC_000913.3_2962	CCO11377.1|GH23	29.1	502	333	11	33	519	44	537	5.5e-45	186.8
NC_000913.3_2967	ABS01822.1|GT2	35.9	117	73	1	4	118	20	136	5.1e-13	79.3
NC_000913.3_2968	WET02820.1|GH43_28	29.4	299	182	11	168	447	166	454	1.1e-17	95.9
NC_000913.3_2982	UAB77099.1|GH23	49.7	197	99	0	17	213	367	563	3.3e-49	199.5
NC_000913.3_2993	UYG16078.1|GT9	35.4	474	281	8	13	472	6	468	1.3e-53	215.3
NC_000913.3_2997	1152625|Rusear1_GeneCatalog_proteins_20190529.aa.fasta|GT9	28.5	404	225	19	4	371	302	677	5.8e-26	123.2
NC_000913.3_3004	AGL65742.1|GH13_31	33.3	478	296	7	11	485	11	468	2.3e-66	257.7
NC_000913.3_3008	CUS04167.1|GT4	47.1	291	144	2	328	612	168	454	3.3e-70	270.8
NC_000913.3_3013	104559|Epityp1_GeneCatalog_proteins_20180725.aa.fasta|GH115	32.2	410	249	10	95	486	1119	1517	1.9e-52	211.5
NC_000913.3_3015	QQE79915.1|GH176	29.0	303	193	7	4	295	10	301	6.2e-23	112.8
NC_000913.3_3016	QEF71465.1|GH2	100.0	1030	0	0	1	1030	1	1030	0.0e+00	2177.1
NC_000913.3_3018	ANU74277.2|GH2	41.2	211	109	1	262	457	12	222	4.5e-38	163.7
NC_000913.3_3020	ULJ03428.1|GH63	100.0	783	0	0	1	783	1	783	0.0e+00	1630.2
NC_000913.3_3021	QPK65345.1|GT1	29.2	339	201	9	6	325	429	747	4.7e-25	120.9
NC_000913.3_3027	CCO12039.1|GT4	36.2	334	206	2	1	327	1	334	3.7e-52	209.9
NC_000913.3_3050	318|LnoICMP18003A_1_GeneCatalog_proteins_20201014.aa.fasta|CE4	33.1	586	244	10	1	454	51	620	7.1e-78	295.8
NC_000913.3_3051	QTJ41571.1|GH13_39	40.5	126	72	1	3	128	620	742	1.0e-21	107.5
NC_000913.3_3053	3848|Ascap1_GeneCatalog_proteins_20210318.aa.fasta|AA1_3	29.5	386	243	8	8	370	6	385	3.4e-39	167.2
NC_000913.3_3055	5622|Ustvir1_GeneCatalog_proteins_20170701.aa.fasta|GH0	35.1	322	201	3	7	320	646	967	8.4e-44	182.2
NC_000913.3_3061	1967|Capcor1_GeneCatalog_proteins_20160826.aa.fasta|AA5	32.4	222	130	5	43	245	45	265	1.1e-22	111.7
NC_000913.3_3062	CAD7247509.1|GH85	27.4	398	246	14	56	429	1752	2130	1.1e-17	95.9
NC_000913.3_3070	AAG58267.1|CE9	100.0	151	0	0	1	151	227	377	5.5e-75	284.6
NC_000913.3_3076	VEG34321.1|CE9	29.4	201	139	2	27	224	417	617	4.4e-15	86.3
NC_000913.3_3078	AMN37385.1|GT8	41.3	218	117	6	7	220	11	221	2.0e-39	167.2
NC_000913.3_3084	UKT62598.1|GT4	43.6	188	102	2	5	191	418	602	2.5e-35	153.3
NC_000913.3_3097	WFD20538.1|GH5	34.0	427	259	7	7	421	24	439	7.9e-59	233.0
NC_000913.3_3099	CAD7252417.1|GH13_48	42.6	596	325	10	128	709	339	931	5.3e-112	409.8
NC_000913.3_3100	CUS02041.1|GT2	47.2	89	47	0	1	89	1	89	5.5e-14	81.3
NC_000913.3_3103	AGL64345.1|GT2	51.5	559	268	1	330	885	297	855	1.8e-157	561.2
NC_000913.3_3109	QWW21720.1|GT62	27.6	163	92	4	1	137	50	212	4.2e-06	57.4
NC_000913.3_3111	26967|Rozal_SC1_GeneCatalog_proteins_20141014.aa.fasta|GT50	40.3	546	291	6	58	599	381	895	4.4e-105	386.7
NC_000913.3_3116	ALR08391.1|GT4	57.2	353	141	1	1	343	1	353	2.1e-102	377.1
NC_000913.3_3120	CAG7904923.1|CBM43	32.9	328	208	4	1	321	212	534	9.7e-45	185.3
NC_000913.3_3128	2659|Pocchl1_GeneCatalog_proteins_20170916.aa.fasta|GH3	29.6	213	127	6	9	205	402	607	1.3e-13	81.6
NC_000913.3_3134	CCO11681.1|GH25	28.0	232	161	2	4	235	2	227	8.0e-28	128.6
NC_000913.3_3141	APK81480.1|GT51	100.0	242	0	0	1	242	1	242	1.5e-135	486.5
NC_000913.3_3143	CAE6200414.1|CBM43	27.4	442	255	10	265	641	571	1011	1.6e-37	162.5
NC_000913.3_3150	ARM40977.1|GT8	100.0	36	0	0	124	159	102	137	1.4e-12	77.4
NC_000913.3_3151	AJE21224.1|GT2	56.4	110	47	1	4	113	3	111	2.6e-29	134.0
NC_000913.3_3159	CCD02617.1|GH33	30.7	228	153	3	3	227	2	227	6.6e-24	115.9
NC_000913.3_3165	VAH63385.1|GT116	55.6	133	59	0	10	142	527	659	7.3e-37	157.9
NC_000913.3_3170	CAG7911632.1|GH3	55.7	314	134	5	2	312	995	1306	2.5e-82	310.1
NC_000913.3_3180	BBN17599.1|CBM20	31.5	413	260	5	97	487	948	1359	1.1e-55	222.2
NC_000913.3_3186	CCO12350.1|GH73	45.7	326	172	4	3	324	7	331	2.2e-73	280.4
NC_000913.3_3188	4163|Hypma1_GeneCatalog_proteins_20210308.aa.fasta|AA3_2	30.1	509	284	9	1	441	1002	1506	1.3e-55	221.9
NC_000913.3_3198	ACT97502.1|GH78	39.0	218	131	2	814	1030	322	538	9.0e-36	157.1
NC_000913.3_3202	BAZ76227.1|CBM32	33.2	256	157	3	17	261	7369	7621	2.0e-32	144.1
NC_000913.3_3203	AHC27751.1|CE4	42.9	84	48	0	256	339	78	161	1.0e-08	65.9
NC_000913.3_3204	AHC27751.1|CE4	31.8	201	131	2	159	359	14	208	5.9e-14	83.2
NC_000913.3_3205	VZH35395.1|GT4	33.2	244	142	7	12	239	4	242	3.2e-27	126.7
NC_000913.3_3214	QWP73789.1|GT4	39.3	295	163	4	82	366	457	745	1.2e-46	191.8
NC_000913.3_3216	AWQ85984.1|GT83	29.1	282	193	4	4	284	3	278	3.2e-24	117.1
NC_000913.3_3217	10227|Claps1_GeneCatalog_proteins_20160826.aa.fasta|GH3	34.2	272	162	11	143	402	280	546	1.1e-27	129.0
NC_000913.3_3227	QHO06680.1|GT77	49.1	116	56	2	2	116	221	334	3.2e-22	109.0
NC_000913.3_3235	WWP19987.1|GT9	51.9	131	61	2	1	129	1	131	4.2e-31	138.7
NC_000913.3_3245	3422|Exoaq1_GeneCatalog_proteins_20160901.aa.fasta|GH32	50.0	46	23	0	31	76	55	100	7.4e-06	54.3
NC_000913.3_3246	ASV72209.1|GH34	47.6	271	129	5	14	271	3	273	2.1e-61	240.4
NC_000913.3_3254	QZA80452.1|CBM50	32.8	665	375	14	25	633	21	669	5.8e-73	280.0
NC_000913.3_3267	QGY08307.1|CBM5|GH18	100.0	897	0	0	1	897	1	897	0.0e+00	1716.4
NC_000913.3_3268	ANZ19938.1|CBM13	41.1	207	105	7	1	203	1	194	2.0e-31	141.4
NC_000913.3_3269	118117|Volvo1_GeneCatalog_proteins_20130703.aa.fasta|CE4	46.3	683	352	10	11	684	1037	1713	2.9e-155	553.5
NC_000913.3_3271	7618|Pocchl1_GeneCatalog_proteins_20170916.aa.fasta|CE5	58.4	125	49	2	2	123	53	177	1.1e-31	140.6
NC_000913.3_3282	10683|Gansi1_GeneCatalog_proteins_20210227.aa.fasta|GH1	30.3	545	307	13	11	515	845	1356	3.6e-59	234.2
NC_000913.3_3289	6909|Pocchl1_GeneCatalog_proteins_20170916.aa.fasta|GT22	34.1	399	245	7	21	403	39	435	2.1e-60	237.7
NC_000913.3_3290	309222|Marpt1_GeneCatalog_proteins_20140919.aa.fasta|CBM50	38.5	226	93	9	3	184	347	570	1.4e-27	127.5
NC_000913.3_3293	AFU57543.1|GT66	41.5	147	77	3	32	171	757	901	7.5e-21	105.1
NC_000913.3_3300	20140|Didma1_GeneCatalog_proteins_20160126.aa.fasta|PL1_4	23.9	472	309	10	3	428	36	503	4.8e-18	97.1
NC_000913.3_3303	QNM02729.1|GH32	28.5	235	139	9	24	231	486	718	2.2e-07	60.8
NC_000913.3_3313	2840|Ompol1_GeneCatalog_proteins_20130516.aa.fasta|GH0	39.0	323	176	6	18	322	1003	1322	5.7e-56	222.6
NC_000913.3_3314	BAY43407.1|GH65	29.5	207	122	5	6	210	741	925	6.5e-12	75.9
NC_000913.3_3315	10894|Claps1_GeneCatalog_proteins_20160826.aa.fasta|GT90	37.7	220	129	2	1	216	1	216	9.8e-36	154.8
NC_000913.3_3318	1026|Phach1_GeneCatalog_proteins_20150930.aa.fasta|GH43_24	40.5	336	167	6	38	341	45	379	3.4e-54	216.9
NC_000913.3_3320	UYM14773.1|CBM50	27.1	266	185	4	136	400	474	731	1.8e-19	101.7
NC_000913.3_3325	QSV49796.1|GT51	100.0	850	0	0	1	850	1	850	0.0e+00	1701.4
NC_000913.3_3333	4180|Aspuda1_GeneCatalog_proteins_20160920.aa.fasta|GH76	40.3	72	41	1	369	438	1171	1242	8.5e-07	59.7
NC_000913.3_3334	WNV04555.1|GT35	33.6	122	79	1	1	120	1	122	1.2e-12	78.2
NC_000913.3_3341	QKJ18013.1|GT0	24.9	261	170	8	4	242	19	275	2.7e-05	53.9
NC_000913.3_3345	AKF61318.1|GH77	100.0	694	0	0	1	694	1	694	0.0e+00	1451.0
NC_000913.3_3346	ALZ57635.1|GT35	100.0	797	0	0	1	797	1	797	0.0e+00	1634.4
NC_000913.3_3354	ATE86697.1|GH36	47.5	488	246	5	5	488	725	1206	1.7e-128	464.2
NC_000913.3_3356	AKF22605.1|GT35	100.0	815	0	0	1	815	1	815	0.0e+00	1653.3
NC_000913.3_3357	AUP44875.1|GT5	100.0	477	0	0	1	477	1	477	1.4e-281	972.6
NC_000913.3_3358	VDZ68364.1|GH13_11	91.6	431	36	0	1	431	154	584	1.1e-232	810.1
NC_000913.3_3359	QIA37498.1|CBM48|GH13_11	100.0	657	0	0	1	657	1	657	0.0e+00	1411.4
NC_000913.3_3360	AYN88406.1|CBM48|GH13_9	100.0	728	0	0	1	728	1	728	0.0e+00	1568.1
NC_000913.3_3364	BCW69448.1|GH3	48.2	164	80	4	8	171	13	171	1.3e-32	144.1
NC_000913.3_3365	WXK62154.1|GH1	30.1	326	215	6	2	319	454	774	1.4e-27	128.3
NC_000913.3_3366	597|Dipse1_GeneCatalog_proteins_20150930.aa.fasta|GH5_22	41.8	196	102	4	5	188	6	201	1.3e-35	154.5
NC_000913.3_3367	3544|Claps1_GeneCatalog_proteins_20160826.aa.fasta|GT91	35.3	323	194	8	4	312	8	329	3.9e-44	183.3
NC_000913.3_3372	AAN17394.1|GT77	100.0	113	0	0	1	113	51	163	9.2e-60	233.8
NC_000913.3_3375	8360|Claps1_GeneCatalog_proteins_20160826.aa.fasta|CBM18|GH16_19	34.7	536	324	11	49	571	43	565	1.7e-76	291.6
NC_000913.3_3377	USK91663.1|CBM66	26.4	239	160	4	7	235	435	667	1.6e-18	97.8
NC_000913.3_3378	BBI53471.1|CBM91|GH43_11	55.6	142	63	0	1	142	427	568	6.3e-37	159.5
NC_000913.3_3379	WXF90734.1|GH42	27.5	265	183	3	13	276	39	295	5.5e-20	102.8
NC_000913.3_3380	UJP10085.1|GH154	34.2	281	177	4	9	285	1149	1425	8.9e-29	132.1
NC_000913.3_3382	ALR09737.1|GH20	31.7	218	141	5	5	216	3	218	3.3e-18	96.7
NC_000913.3_3383	ALR09737.1|GH20	26.4	227	149	4	17	241	16	226	8.8e-17	92.0
NC_000913.3_3385	CCO10293.1|CBM50	46.4	302	148	4	8	308	4	292	7.3e-58	228.8
NC_000913.3_3389	ALR09733.1|GH125	55.9	272	117	1	13	284	20	288	2.0e-78	297.0
NC_000913.3_3390	ALR09736.1|GH2	30.4	316	210	3	39	351	3	311	9.9e-27	125.6
NC_000913.3_3391	ALR09737.1|GH20	47.4	215	113	0	1	215	3	217	1.8e-53	213.8
NC_000913.3_3392	8232|Capep1_GeneCatalog_proteins_20160826.aa.fasta|GT59	33.1	296	184	3	210	497	10	299	2.0e-33	148.3
NC_000913.3_3397	QBQ55156.1|CBM50	32.4	571	362	7	185	732	135	704	6.8e-62	243.4
NC_000913.3_3404	CCO11377.1|GH23	23.4	445	278	20	19	429	45	460	1.3e-09	69.3
NC_000913.3_3407	UTI62271.1|GT1	30.1	229	138	7	9	228	373	588	4.1e-14	83.2
NC_000913.3_3408	SFV72712.1|GT4	31.9	207	133	4	27	231	20	220	1.3e-18	98.2
NC_000913.3_3415	AJC53641.1|GT2	30.8	315	193	5	219	532	616	906	2.6e-31	142.1
NC_000913.3_3427	1181647|Orpsp1_1_GeneCatalog_proteins_20140826.aa.fasta|GH6	30.3	647	416	14	48	677	71	699	2.2e-78	298.1
NC_000913.3_3429	UIZ26027.1|AA17	36.5	479	272	12	1	449	169	645	2.2e-71	274.2
NC_000913.3_3435	AJE21224.1|GT2	56.4	110	47	1	4	113	3	111	2.6e-29	134.0
NC_000913.3_3440	UHD17363.1|CBM50	41.8	91	51	1	22	110	103	193	8.3e-12	74.3
NC_000913.3_3445	ACT97502.1|GH78	37.8	225	138	2	813	1036	322	545	1.3e-34	153.3
NC_000913.3_3448	4608|Aspuda1_GeneCatalog_proteins_20160920.aa.fasta|GH71	42.7	445	245	4	10	450	18	456	3.2e-105	386.7
NC_000913.3_3449	UWR01144.1|CBM50	29.9	324	180	7	172	455	31	347	2.8e-29	134.4
NC_000913.3_3450	UMU70362.1|GH37	100.0	549	0	0	1	549	1	549	0.0e+00	1136.7
NC_000913.3_3460	AXW97137.1|GT107	33.5	230	137	8	411	636	173	390	1.1e-15	89.7
NC_000913.3_3461	AIS89543.1|GH8	34.6	448	265	10	724	1157	1622	2055	5.3e-53	214.5
NC_000913.3_3462	APK41037.1|GH8	100.0	368	0	0	1	368	1	368	3.6e-221	771.5
NC_000913.3_3463	ASO85436.1|GT2|2.4.1.12	99.2	767	6	0	1	767	889	1655	0.0e+00	1525.8
NC_000913.3_3464	QEJ21730.1|GT2	100.0	872	0	0	1	872	1	872	0.0e+00	1783.8
NC_000913.3_3465	QQJ41355.1|GT2	72.7	128	35	0	1	128	9	136	1.7e-49	200.7
NC_000913.3_3472	WFM71060.1|GH1	39.1	138	82	1	178	313	62	199	1.3e-23	115.2
NC_000913.3_3473	SFV72712.1|GT4	28.4	208	138	5	26	233	24	220	9.3e-11	72.4
NC_000913.3_3476	AGL62763.1|CBM48|GH13_9	22.0	545	370	19	2	518	4	521	2.3e-11	75.1
NC_000913.3_3484	6744|Pocchl1_GeneCatalog_proteins_20170916.aa.fasta|GH76	37.0	262	157	7	56	314	68	324	1.0e-33	148.7
NC_000913.3_3487	CAE6150632.1|GH152	56.0	50	22	0	7	56	13	62	6.5e-10	67.4
NC_000913.3_3500	2659|Pocchl1_GeneCatalog_proteins_20170916.aa.fasta|GH3	23.0	313	209	10	174	483	971	1254	7.7e-12	76.6
NC_000913.3_3501	BET87511.1|GH13_19	30.6	330	156	5	30	348	27	294	5.0e-27	126.7
NC_000913.3_3502	WRY51458.1|GH39	24.4	172	122	1	219	390	107	270	4.4e-07	60.5
NC_000913.3_3503	AQV25551.1|GH73	100.0	274	0	0	1	274	1	274	9.5e-134	480.7
NC_000913.3_3504	VEC23579.1|GH13_19	100.0	676	0	0	1	676	1	676	0.0e+00	1427.5
NC_000913.3_3522	7289|Ompol1_GeneCatalog_proteins_20130516.aa.fasta|GH92	39.7	466	230	10	28	485	25	447	1.4e-85	321.6
NC_000913.3_3524	AGL64345.1|GT2	30.9	220	123	8	2	207	363	567	5.4e-12	77.4
NC_000913.3_3540	11495|Horwer1_GeneCatalog_proteins_20160803.aa.fasta|GH72	30.3	370	224	4	8	370	913	1255	6.3e-46	189.5
NC_000913.3_3541	CCO10545.1|CBM50|GH73	45.4	152	78	3	3	150	4	154	1.1e-28	131.0
NC_000913.3_3542	CAH2031389.1|GT4	33.8	151	94	3	103	251	27	173	3.4e-14	83.6
NC_000913.3_3545	803910|PnitS608_1_GeneCatalog_proteins_20170410.aa.fasta|GT22	44.4	81	41	2	2	78	342	422	2.9e-09	65.5
NC_000913.3_3548	ALR09742.1|CBM50	45.4	130	71	0	288	417	304	433	3.8e-25	120.6
NC_000913.3_3550	AKR26778.1|GT2	100.0	344	0	0	1	344	1	344	1.7e-201	706.1
NC_000913.3_3551	350131|Clasp259_1_GeneCatalog_proteins_20220224.aa.fasta|GH2	30.0	330	220	7	19	339	894	1221	7.8e-37	159.1
NC_000913.3_3554	CAD7240999.1|GT35	39.1	312	176	7	3	303	834	1142	2.5e-50	203.8
NC_000913.3_3555	AKF73933.1|GT9	100.0	348	0	0	1	348	1	348	5.8e-205	717.6
NC_000913.3_3556	QEF10403.1|GT9	100.0	319	0	0	1	319	1	319	1.2e-183	646.7
NC_000913.3_3557	QBM95817.1|GT121	100.0	419	0	0	1	419	1	419	2.8e-214	748.8
NC_000913.3_3558	CDY63081.1|GT9	100.0	357	0	0	1	357	1	357	1.4e-206	723.0
NC_000913.3_3559	QEJ47844.1|GT73	100.0	283	0	0	1	283	1	283	2.6e-158	562.4
NC_000913.3_3561	AMC96514.1|GT8|2.4.1.58	100.0	338	0	0	1	338	1	338	1.7e-196	689.5
NC_000913.3_3562	AUY75538.1|GT8	100.0	339	0	0	1	339	1	339	6.5e-201	704.1
NC_000913.3_3563	QCA20850.1|GT4	100.0	359	0	0	1	359	1	359	3.2e-214	748.4
NC_000913.3_3565	AZP69834.1|GT4	55.2	261	117	0	4	264	379	639	1.4e-78	297.4
NC_000913.3_3566	BAL40224.1|GT4	100.0	374	0	0	1	374	1	374	6.5e-218	760.8
NC_000913.3_3567	QEJ13249.1|GT9	100.0	356	0	0	1	356	1	356	1.6e-210	736.1
NC_000913.3_3568	QKB41102.1|GT30	100.0	425	0	0	1	425	1	425	1.2e-241	839.7
NC_000913.3_3577	CBX90714.1|GH47	47.8	209	86	5	4	192	6	211	6.0e-43	178.7
NC_000913.3_3585	CAE5967213.1|GH28	42.0	367	199	5	25	380	219	582	1.8e-67	261.9
NC_000913.3_3591	QCW36516.1|GH31_3	100.0	772	0	0	1	772	1	772	0.0e+00	1655.6
NC_000913.3_3592	AOA72452.1|GH43_1	33.1	487	284	4	1	447	1	485	2.3e-68	264.2
NC_000913.3_3593	UVS82500.1|GT2	30.7	362	247	1	27	388	18	375	5.9e-44	183.0
NC_000913.3_3600	QDT03776.1|CE9	45.5	66	33	2	297	361	329	392	5.2e-04	50.8
NC_000913.3_3606	1376|Claps1_GeneCatalog_proteins_20160826.aa.fasta|GT2	38.7	411	223	7	178	560	126	535	2.7e-66	257.7
NC_000913.3_3613	SPS74485.1|CBM38|GH32	25.3	391	244	13	3	361	31	405	3.0e-21	107.8
NC_000913.3_3616	QED71474.1|GH4	100.0	58	0	0	1	58	383	440	3.5e-25	117.9
NC_000913.3_3617	ARV48985.1|GH4	100.0	212	0	0	1	212	1	212	2.1e-120	436.0
NC_000913.3_3618	VEC47756.1|GH4	65.8	161	54	1	1	160	378	538	2.0e-51	206.5
NC_000913.3_3619	VEC47756.1|GH4	87.8	368	45	0	1	368	1	368	8.4e-186	654.1
NC_000913.3_3627	CAD7247509.1|GH85	29.7	391	251	13	54	427	1752	2135	4.6e-18	97.1
NC_000913.3_3628	676|Rhiso1_GeneCatalog_proteins_20131028.aa.fasta|GH0	51.0	382	181	3	3	381	13	391	7.8e-110	401.7
NC_000913.3_3633	QES31262.1|GT0	27.5	265	182	6	4	266	741	997	3.0e-15	87.0
NC_000913.3_3635	3994|Exoaq1_GeneCatalog_proteins_20160901.aa.fasta|GT57	25.6	566	366	16	13	540	16	564	1.1e-33	149.8
NC_000913.3_3642	607448|Pezech1_GeneCatalog_proteins_20180326.aa.fasta|CBM1	36.7	294	159	8	3	276	286	572	2.7e-37	161.0
NC_000913.3_3645	8523|Aspuda1_GeneCatalog_proteins_20160920.aa.fasta|GH18	24.6	175	119	3	25	191	520	689	1.5e-04	52.0
NC_000913.3_3648	CUS02039.1|GH63	36.6	145	82	2	3	141	15	155	2.1e-15	87.0
NC_000913.3_3653	UJF36275.1|CE9	34.6	130	72	2	109	233	3	124	5.2e-11	72.8
NC_000913.3_3654	WVY88821.1|CBM48|CE0	75.2	391	94	2	1	389	1	390	9.8e-169	597.4
NC_000913.3_3655	BBP30521.1|GH1	50.9	511	229	3	19	509	20	528	6.4e-142	508.8
NC_000913.3_3656	AVD30963.1|GH1	100.0	470	0	0	1	470	1	470	4.5e-285	984.2
NC_000913.3_3657	AGL62906.1|GH13_31	28.2	649	423	11	3	623	5	638	2.6e-62	244.6
NC_000913.3_3659	BAA25316.1|GT80|2.4.3.1	65.5	177	61	0	58	234	498	674	1.5e-61	240.7
NC_000913.3_3660	2659|Pocchl1_GeneCatalog_proteins_20170916.aa.fasta|GH3	31.3	243	143	7	11	242	1037	1266	3.0e-20	103.6
NC_000913.3_3667	CAD7245033.1|GT58	68.7	473	133	4	2	460	1053	1524	6.8e-177	624.8
NC_000913.3_3668	1380|Exoaq1_GeneCatalog_proteins_20160901.aa.fasta|GT15	30.1	266	160	8	24	286	1	243	2.0e-17	94.4
NC_000913.3_3674	UJD77939.1|GH135	44.4	124	68	1	1	123	1	124	1.3e-16	90.5
NC_000913.3_3680	AXG45416.1|GH85	58.5	484	199	1	1	482	1	484	5.0e-162	575.5
NC_000913.3_3681	QXF31783.1|GH5_18	58.9	491	200	1	6	494	2	492	1.1e-161	574.3
NC_000913.3_3682	1207|Exoaq1_GeneCatalog_proteins_20160901.aa.fasta|AA4	29.7	622	359	11	6	557	66	679	1.9e-65	255.0
NC_000913.3_3684	CCO11681.1|GH25	27.2	272	173	5	4	274	1	248	2.5e-23	114.8
NC_000913.3_3685	BET87511.1|GH13_19	39.3	290	160	3	23	300	30	315	5.8e-42	176.0
NC_000913.3_3686	ALJ95318.1|GH2	23.4	252	181	6	49	296	87	330	2.4e-05	54.3
NC_000913.3_3687	669|Capep1_GeneCatalog_proteins_20160826.aa.fasta|GH16_1	33.5	343	180	6	7	301	9	351	3.3e-34	150.2
NC_000913.3_3688	AWS42710.1|GH1	34.0	312	195	4	3	308	477	783	9.0e-38	162.2
NC_000913.3_3689	ARF89445.1|GT1	28.1	409	289	4	9	413	463	870	1.7e-29	135.2
NC_000913.3_3695	1376|Claps1_GeneCatalog_proteins_20160826.aa.fasta|GT2	41.8	141	72	2	184	314	154	294	6.4e-20	102.8
NC_000913.3_3696	1376|Claps1_GeneCatalog_proteins_20160826.aa.fasta|GT2	46.6	174	92	1	1	174	363	535	1.4e-40	170.6
NC_000913.3_3699	WAO96723.1|GH0	33.1	625	339	14	6	598	27	604	4.4e-78	297.0
NC_000913.3_3700	5622|Ustvir1_GeneCatalog_proteins_20170701.aa.fasta|GH0	47.5	509	255	6	15	512	652	1159	3.1e-122	443.4
NC_000913.3_3707	ALR09738.1|GH18	52.8	409	186	3	1	407	1	404	2.0e-111	407.1
NC_000913.3_3708	12459|Claps1_GeneCatalog_proteins_20160826.aa.fasta|GH5_22	37.6	93	56	1	2	92	31	123	2.8e-12	75.9
NC_000913.3_3711	WKN34643.1|GT2	24.9	337	232	7	26	349	305	633	2.4e-15	87.8
NC_000913.3_3713	QLK59446.1|GT0	77.6	375	84	0	1	375	1	375	3.9e-170	602.1
NC_000913.3_3714	CVK34402.1|GT4	40.0	417	219	10	6	418	5	394	2.4e-75	287.3
NC_000913.3_3715	QWA11134.1|GT2	56.0	343	149	1	4	346	290	630	3.0e-108	396.4
NC_000913.3_3716	QAY63367.1|GT2	62.6	286	106	1	1	286	316	600	3.0e-101	372.9
NC_000913.3_3718	QCC76399.1|GT4	30.1	379	249	9	2	371	9	380	4.3e-36	156.8
NC_000913.3_3720	AKD72119.1|GT56	100.0	359	0	0	1	359	1	359	8.1e-210	733.8
NC_000913.3_3721	ATZ32591.1|GT120	100.0	450	0	0	1	450	1	450	2.8e-252	875.2
NC_000913.3_3722	QEJ25587.1|GT26	100.0	246	0	0	1	246	1	246	2.1e-140	502.7
NC_000913.3_3723	BFD36069.1|GH13_3	39.2	446	262	3	7	447	17	458	1.8e-84	317.8
NC_000913.3_3725	QDU07498.1|CBM38	31.0	461	242	17	85	521	37	445	6.5e-41	173.3
NC_000913.3_3735	AGL64181.1|CBM50	34.7	294	184	3	11	296	9	302	5.1e-40	169.5
NC_000913.3_3745	CAD1833109.1|GT8	33.2	546	322	10	62	602	47	554	7.6e-75	286.2
NC_000913.3_3749	BDS38151.1|GT0	28.0	271	176	7	2	264	749	1008	8.3e-18	95.5
NC_000913.3_3756	486697|Parpar1_GeneCatalog_proteins_20160126.aa.fasta|GH36	44.6	251	129	4	6	246	39	289	1.6e-50	204.1
NC_000913.3_3758	150181|Sepmu1_GeneCatalog_proteins_20100915.aa.fasta|AA2	25.1	350	195	6	148	433	307	653	5.3e-19	100.5
NC_000913.3_3762	1042|Byssp1_GeneCatalog_proteins_20170705.aa.fasta|AA3_3	35.1	282	134	9	3	238	13	291	3.2e-30	136.7
NC_000913.3_3766	3668|Rhives1_GeneCatalog_proteins_20170403.aa.fasta|PL35	37.8	352	205	8	2	345	30	375	1.1e-50	205.3
NC_000913.3_3767	209960|Melli1_GeneCatalog_proteins_20150227.aa.fasta|GH5_9	33.0	203	123	4	20	216	50	245	6.4e-20	104.0
NC_000913.3_3786	ABN00245.1|GT2	35.2	469	276	7	6	469	4	449	9.7e-70	268.9
NC_000913.3_3787	4180|Aspuda1_GeneCatalog_proteins_20160920.aa.fasta|GH76	44.2	77	36	2	279	348	1167	1243	2.1e-08	64.7
NC_000913.3_3789	CAE6204650.1|GH28	28.3	509	295	18	3	473	745	1221	5.3e-36	157.1
NC_000913.3_3794	VEC51885.1|GH2	32.6	454	283	10	10	452	299	740	1.3e-53	215.3
NC_000913.3_3795	VEC51885.1|GH2	33.1	453	287	9	13	459	299	741	2.7e-56	224.2
NC_000913.3_3796	AMC96746.1|GH31_13|3.2.1.199	100.0	678	0	0	1	678	1	678	0.0e+00	1457.6
NC_000913.3_3797	VDY45990.1|GH31_13	56.1	280	106	2	14	291	1	265	1.8e-85	320.5
NC_000913.3_3801	QQZ63907.1|GH32	29.9	291	166	7	38	294	32	318	7.1e-18	95.9
NC_000913.3_3802	QTU65776.1|GH4	27.9	240	170	2	11	250	13	249	2.1e-18	97.4
NC_000913.3_3803	WCJ58178.1|GT2|GT4	28.2	103	67	3	85	182	137	237	6.7e-04	48.9
NC_000913.3_3814	WJY26868.1|CBM50	32.0	100	67	1	7	105	176	275	1.2e-06	60.1
NC_000913.3_3820	QKE88473.1|GH38	32.8	299	189	3	124	422	6	292	4.8e-32	143.7
NC_000913.3_3826	QKJ20792.1|GH39	37.1	105	64	1	171	275	168	270	1.2e-06	58.5
NC_000913.3_3827	UOX55780.1|GH39	29.4	126	88	1	181	305	127	252	9.1e-08	62.4
NC_000913.3_3833	QZY29579.1|GT2	32.2	202	129	4	3	196	9	210	6.8e-16	89.0
NC_000913.3_3837	QKX60254.1|GH76	40.3	310	150	6	3	277	26	335	3.3e-53	213.4
NC_000913.3_3847	13850|Rhives1_GeneCatalog_proteins_20170403.aa.fasta|GH47	40.7	536	269	8	11	499	572	1105	1.4e-106	391.3
NC_000913.3_3852	6629|Capcor1_GeneCatalog_proteins_20160826.aa.fasta|CBM43|GH72	26.6	372	217	13	47	410	238	561	6.9e-09	66.6
NC_000913.3_3855	CAI4175520.1|GH5_19	34.1	340	215	5	8	341	18	354	7.1e-38	162.5
NC_000913.3_3856	ALR09732.1|GH92	43.4	740	395	13	3	731	5	731	2.9e-161	573.5
NC_000913.3_3857	AKO31343.1|GT9	71.1	45	13	0	1	45	1	45	2.1e-13	79.0
NC_000913.3_3860	CAB4054260.1|GH5_27	36.3	375	217	4	6	377	12	367	1.5e-60	238.0
NC_000913.3_3861	5232|Ambph1_GeneCatalog_proteins_20181206.aa.fasta|GT15	32.3	362	225	12	459	808	373	726	3.5e-43	181.4
NC_000913.3_3863	2642|Stachl1_GeneCatalog_proteins_20210223.aa.fasta|AA0	62.8	729	248	8	15	725	4	727	3.0e-264	915.6
NC_000913.3_3868	CAG7883609.1|GT1	23.9	447	238	13	289	652	613	1040	9.9e-17	93.6
NC_000913.3_3869	QKE88473.1|GH38	39.5	319	191	1	14	332	13	329	1.4e-52	211.5
NC_000913.3_3874	UUY79031.1|GH0	33.6	113	70	1	174	281	162	274	1.4e-10	71.6
NC_000913.3_3880	1319|Capep1_GeneCatalog_proteins_20160826.aa.fasta|GT41	43.2	456	257	2	3	457	10	464	7.9e-101	372.1
NC_000913.3_3893	ANZ19938.1|CBM13	41.1	207	105	7	1	203	1	194	2.0e-31	141.4
NC_000913.3_3900	AIE96983.1|GT7	26.4	341	178	7	1020	1341	885	1171	1.1e-17	97.4
NC_000913.3_3901	CCO12868.1|GH1	45.6	1389	513	7	17	1368	7	1190	0.0e+00	1164.8
NC_000913.3_3906	221|Capep1_GeneCatalog_proteins_20160826.aa.fasta|AA4	42.3	260	129	6	6	244	65	324	8.3e-36	155.2
NC_000913.3_3910	198|Ompol1_GeneCatalog_proteins_20130516.aa.fasta|GH78	47.4	97	47	3	139	231	756	852	2.4e-14	84.0
NC_000913.3_3911	10131|Pocchl1_GeneCatalog_proteins_20170916.aa.fasta|CE5	42.0	357	195	7	4	349	82	437	1.2e-67	261.5
NC_000913.3_3912	878866|Zycmex1_GeneCatalog_proteins_20160711.aa.fasta|GT2	34.5	226	119	7	9	206	20	244	8.5e-24	115.2
NC_000913.3_3917	CCO12625.1|GH38	24.7	243	162	6	230	454	250	489	1.8e-07	62.0
NC_000913.3_3918	ABN00245.1|GT2	39.1	453	246	9	8	441	4	445	4.5e-77	293.1
NC_000913.3_3920	QYU66396.1|GH13_23	55.0	464	189	8	7	463	6	456	2.5e-122	443.7
NC_000913.3_3926	5705|Rhich1_GeneCatalog_proteins_20131210.aa.fasta|GT49	49.1	523	252	5	5	525	16	526	3.3e-143	513.1
NC_000913.3_3931	CUS04494.1|GH39	60.0	1259	463	7	3	1224	5	1259	0.0e+00	1481.8
NC_000913.3_3937	947009|Suicli1_GeneCatalog_proteins_20180420.aa.fasta|AA3_3	72.2	54	15	0	193	246	342	395	2.6e-13	81.6
NC_000913.3_3943	CAG9867742.1|CBM93|GH33	38.2	353	178	10	1	339	1	327	1.3e-48	198.7
NC_000913.3_3945	AGL62895.1|GH13_48	32.9	258	161	4	260	509	169	422	2.2e-35	154.8
NC_000913.3_3948	BBI53471.1|CBM91|GH43_11	52.8	142	66	1	1	141	427	568	1.8e-34	151.4
NC_000913.3_3955	11792|Claps1_GeneCatalog_proteins_20160826.aa.fasta|GT0	27.0	270	172	4	15	261	49	316	4.2e-15	86.7
NC_000913.3_3957	ADE40683.1|GT4	49.0	100	51	0	7	106	359	458	1.5e-14	83.6
NC_000913.3_3966	2138|Malsy1_1_GeneCatalog_proteins_20140109.aa.fasta|GH43_26	37.8	323	192	5	5	325	318	633	2.1e-47	194.1
NC_000913.3_3968	CUS05011.1|GT26	34.4	375	225	8	1	359	14	383	1.1e-46	191.8
NC_000913.3_3977	QXC62151.1|GH5_29	33.3	243	161	1	272	513	1226	1468	6.5e-30	136.7
NC_000913.3_3978	WFA17394.1|GH39	34.8	92	60	0	13	104	181	272	2.9e-09	65.9
NC_000913.3_3985	CAE6201330.1|GH1	54.2	633	280	3	20	642	578	1210	9.9e-206	721.1
NC_000913.3_3995	WOV84257.1|CBM50	30.2	576	350	13	6	534	175	745	1.7e-65	255.0
NC_000913.3_3997	AXY45169.1|GH3	35.4	466	290	7	20	480	18	477	8.0e-67	259.2
NC_000913.3_4003	10894|Claps1_GeneCatalog_proteins_20160826.aa.fasta|GT90	34.8	201	120	4	3	197	6	201	5.5e-26	122.5
NC_000913.3_4004	BET87511.1|GH13_19	34.6	301	181	5	17	304	18	315	3.3e-32	143.7
NC_000913.3_4005	AWP12966.1|GT68	26.3	224	153	4	6	227	2371	2584	7.4e-15	86.7
NC_000913.3_4013	AKR48237.1|CE9	42.9	70	35	2	308	377	302	366	3.0e-05	54.3
NC_000913.3_4014	ALR09737.1|GH20	32.1	196	127	3	24	219	20	209	3.2e-18	96.7
NC_000913.3_4015	ALR09737.1|GH20	32.3	223	144	6	5	226	3	219	1.7e-20	104.4
NC_000913.3_4023	VZH35395.1|GT4	34.8	210	124	5	20	229	21	217	3.8e-23	113.2
NC_000913.3_4031	ADB74244.1|GT2	30.8	117	79	1	4	118	12	128	6.5e-08	62.4
NC_000913.3_4034	QNK57634.1|GH31	33.7	95	61	2	147	240	758	851	6.9e-06	55.8
NC_000913.3_4036	WFR55703.1|GH39	25.4	260	179	5	42	298	33	280	1.7e-11	74.7
NC_000913.3_4037	QSR40788.1|GH4	100.0	451	0	0	1	451	1	451	1.9e-272	942.2
NC_000913.3_4038	AUH38424.1|GH42	24.2	443	306	8	5	425	632	1066	2.3e-23	114.8
NC_000913.3_4048	QGN28876.1|GT119	51.0	469	217	4	40	502	242	703	8.1e-123	445.3
NC_000913.3_4054	UUC08768.1|GH109	41.2	136	70	4	8	139	17	146	1.8e-17	95.5
NC_000913.3_4061	QYO62262.1|GH13	66.6	356	114	2	3	354	2	356	4.4e-122	443.0
NC_000913.3_4068	CAD7235635.1|GT35	74.4	43	11	0	39	81	1	43	3.4e-07	58.9
NC_000913.3_4070	QDU57568.1|GH171	24.1	373	224	16	13	362	34	370	2.3e-13	81.3
NC_000913.3_4074	7233|Capcor1_GeneCatalog_proteins_20160826.aa.fasta|GH132	38.9	607	319	12	7	581	59	645	6.5e-103	379.4
NC_000913.3_4080	321|MospAD094_1_GeneCatalog_proteins_20210510.aa.fasta|GT4	35.1	174	100	4	133	294	313	485	2.3e-14	84.3
NC_000913.3_4082	314381|Filflo1_GeneCatalog_proteins_20191218.aa.fasta|GT58	41.5	183	100	2	1	176	6	188	2.8e-33	146.4
NC_000913.3_4083	QYU66445.1|GT4	37.2	349	216	3	1	347	1	348	1.4e-66	258.1
NC_000913.3_4086	BCQ41797.1|CBM50	65.7	452	136	7	1	442	1	443	3.5e-154	549.3
NC_000913.3_4087	CUS05224.1|CE14	43.4	341	177	4	1	330	1	336	3.1e-60	237.7
NC_000913.3_4094	CAN80640.1|GT47	44.4	421	220	4	7	420	944	1357	2.7e-95	353.6
NC_000913.3_4108	QTU65776.1|GH4	28.7	244	166	4	5	245	12	250	1.4e-19	101.3
NC_000913.3_4112	AFV71678.1|GH13_29	29.1	141	99	1	3	143	545	684	1.0e-15	87.8
NC_000913.3_4125	BFD36069.1|GH13_3	75.9	449	108	0	16	464	15	463	2.5e-195	686.0
NC_000913.3_4130	ANF95373.1|CBM50	53.3	642	281	9	16	647	34	666	2.4e-196	689.9
NC_000913.3_4131	8771|Exoaq1_GeneCatalog_proteins_20160901.aa.fasta|CBM48	32.5	114	65	3	26	135	64	169	5.5e-08	62.8
NC_000913.3_4139	ACA58829.1|GT4	36.5	104	56	4	3	97	5	107	1.1e-08	63.9
NC_000913.3_4144	AWP12966.1|GT68	27.2	213	151	3	14	226	2375	2583	2.8e-14	84.7
NC_000913.3_4145	BET87511.1|GH13_19	35.7	294	164	7	1	277	1	286	3.4e-24	117.1
NC_000913.3_4146	BET87511.1|GH13_19	40.7	268	138	6	16	269	34	294	5.6e-32	142.9
NC_000913.3_4148	BDZ66215.1|GT28	28.1	466	300	9	3	452	403	849	6.2e-37	159.8
NC_000913.3_4154	QJZ18905.1|GH13_29	100.0	551	0	0	1	551	1	551	0.0e+00	1191.0
NC_000913.3_4155	QCH95999.1|GH13_29	99.6	471	2	0	1	471	1	471	5.8e-264	914.1
NC_000913.3_4156	CAD0304441.1|GH43_9	26.3	312	201	10	6	296	595	898	5.2e-11	73.2
NC_000913.3_4157	QBQ55243.1|CBM50	28.3	908	559	24	51	894	15	894	4.2e-82	310.8
NC_000913.3_4158	QTJ41571.1|GH13_39	41.6	125	70	1	3	127	620	741	9.6e-20	100.9
NC_000913.3_4162	44|Capcor1_GeneCatalog_proteins_20160826.aa.fasta|GT62	28.6	248	149	5	7	226	13	260	1.4e-19	101.3
NC_000913.3_4166	522811|Ganbon1_GeneCatalog_proteins_20210118.aa.fasta|GT3	34.9	358	174	7	8	327	10	346	6.7e-41	172.6
NC_000913.3_4170	CAG7911095.1|GH5_11	39.3	957	479	18	11	941	589	1469	4.8e-193	679.5
NC_000913.3_4176	AGT25470.1|GH32	32.2	149	97	2	1	146	477	624	3.6e-10	70.5
NC_000913.3_4178	1827|Exoaq1_GeneCatalog_proteins_20160901.aa.fasta|GT58	32.6	190	123	3	66	251	123	311	1.8e-17	94.4
NC_000913.3_4179	350131|Clasp259_1_GeneCatalog_proteins_20220224.aa.fasta|GH2	34.6	309	186	6	31	328	905	1208	2.4e-41	174.1
NC_000913.3_4180	AXJ09752.1|GH3	42.7	164	88	3	7	169	14	172	2.7e-31	139.8
NC_000913.3_4181	CAE6153416.1|PL4_2	34.8	339	208	5	7	335	595	930	1.2e-56	224.9
NC_000913.3_4191	BCS34783.1|GH177	30.1	173	116	3	55	222	100	272	2.7e-14	84.3
NC_000913.3_4197	QEO97765.1|GH28	35.5	110	69	2	1	109	82	190	8.1e-09	64.7
NC_000913.3_4200	AVD70564.1|GT4	31.1	219	137	6	17	229	789	999	1.1e-19	101.7
NC_000913.3_4207	AAN17394.1|GT77	98.2	57	1	0	1	57	107	163	1.6e-24	115.9
NC_000913.3_4215	AFV71678.1|GH13_29	28.3	120	86	0	9	128	556	675	1.1e-13	80.9
NC_000913.3_4224	AMH37884.1|CE0	100.0	326	0	0	1	326	1	326	1.1e-200	703.4
NC_000913.3_4231	AMN37385.1|GT8	39.3	224	131	4	18	237	6	228	9.5e-37	158.3
NC_000913.3_4237	UAJ15154.1|GH67	60.9	389	142	3	6	388	2	386	4.0e-133	479.2
NC_000913.3_4245	AEV29730.1|CE9	20.8	385	278	8	8	375	15	389	1.7e-06	58.5
NC_000913.3_4255	11508|Pocchl1_GeneCatalog_proteins_20170916.aa.fasta|GH35	23.1	186	137	4	27	210	74	255	8.1e-04	49.7
NC_000913.3_4269	168061|Aspave1_GeneCatalog_proteins_20160920.aa.fasta|GH28	28.6	241	114	8	14	201	436	671	1.3e-14	85.1
NC_000913.3_4272	QUI22659.1|GT4	44.0	100	56	0	345	444	216	315	4.1e-11	74.3
NC_000913.3_4275	2104|Capcor1_GeneCatalog_proteins_20160826.aa.fasta|GT71	33.4	344	212	10	8	338	17	356	3.8e-39	166.8
NC_000913.3_4290	AHC21644.1|GH1	49.4	518	254	3	8	523	10	521	5.3e-141	505.8
NC_000913.3_4294	ALR08012.1|GT2	36.8	253	157	2	6	258	6	255	1.7e-39	167.5
NC_000913.3_4302	CAY80735.1|GT50	27.4	277	176	7	11	276	123	385	1.2e-24	118.6
NC_000913.3_4304	QNA46148.1|GT81	26.6	188	124	3	112	289	248	431	1.4e-11	75.1
NC_000913.3_4308	10683|Gansi1_GeneCatalog_proteins_20210227.aa.fasta|GH1	27.9	505	296	19	91	538	872	1365	1.8e-35	155.2
NC_000913.3_4309	AZW01475.1|GH23	100.0	645	0	0	1	645	1	645	0.0e+00	1295.4
NC_000913.3_4312	AXI64966.1|GH1	28.4	190	119	5	1	186	1	177	1.7e-08	64.3
NC_000913.3_4313	AFH60783.1|GH39	34.3	105	69	0	13	117	181	285	1.5e-09	68.2
NC_000913.3_4315	WNV04555.1|GT35	36.8	114	68	2	9	119	10	122	2.6e-12	77.0
NC_000913.3_4318	QBA63818.1|GT2	25.6	133	93	2	6	136	3	131	2.2e-06	57.4
