name,n,E_max,E_min,E_p50,E_p90,E_p99,spread,auroc,p100,p500,single_top100,multichannel_top100,watch_rank,watch_E
belief (current),7974,1.0,0.04757466659854201,0.06491820971948085,0.30798531929115,0.9505690590665539,21.01959028821962,0.7709547623192049,0.66,0.616,0.0,0.93,881,0.2689414213699951
lam0=-4 lam1=1 tau=0.1,7974,0.9999999999999918,0.018058873131466,0.02571231864640267,0.0975674870410565,0.489485343309169,55.374440737256165,0.7729494650661551,0.67,0.642,0.0,0.96,1376,0.04742587317756678
lam0=-4 lam1=1 tau=0.25,7974,0.9999999999996303,0.018015276589093177,0.0211704139774927,0.05191789756833649,0.26468531342066715,55.50844557141305,0.7709532165589899,0.66,0.616,0.0,0.93,881,0.04742587317756678
lam0=-4 lam1=1 tau=0.5,7974,0.9999999997663009,0.018000743495599086,0.0195871366189537,0.03950257393971067,0.13341516921651397,55.55326089785047,0.7678789683193084,0.64,0.608,0.0,0.92,513,0.04742587317659002
lam0=-4 lam1=1 tau=1,7974,0.9999992856171184,0.017993476783233674,0.018788131585856564,0.028300269637616154,0.06307690641728493,55.575656537313456,0.7650232099256624,0.64,0.554,0.0,0.89,145,0.04742566311516272
lam0=-4 lam1=2 tau=0.1,7974,1.0,0.01813182443535423,0.03663342803046491,0.38957496246938544,0.9804659700870023,55.15164806306838,0.7729484569616671,0.67,0.642,0.0,0.96,1376,0.11920292202211755
lam0=-4 lam1=2 tau=0.25,7974,1.0,0.018044389326111347,0.024904040272261174,0.1406919101909256,0.8761519907402986,55.41888849366258,0.7709548295261708,0.66,0.616,0.0,0.93,881,0.11920292202211755
lam0=-4 lam1=2 tau=0.5,7974,1.0,0.018015288557307774,0.021327464708024938,0.08454239714758635,0.5640982756477702,55.508408695144496,0.7678789683193084,0.64,0.608,0.0,0.92,513,0.11920292201757748
lam0=-4 lam1=2 tau=1,7974,0.9999999999999907,0.01800074648651269,0.019625092646443826,0.044262297935118655,0.19837326389590493,55.553251680381955,0.7650234787535258,0.64,0.554,0.0,0.89,145,0.11920194562530552
lam0=-4 lam1=3 tau=0.1,7974,1.0,0.01820506497243431,0.05194587630830847,0.7902364418685691,0.9996195610815559,54.929768254833306,0.7729516156890629,0.67,0.642,0.0,0.96,1376,0.2689414213699951
lam0=-4 lam1=3 tau=0.25,7974,1.0,0.01807354824350122,0.02927643659937146,0.32864220622683776,0.9928589227280942,55.32947855768023,0.7709528805241606,0.66,0.616,0.0,0.93,881,0.2689414213699951
lam0=-4 lam1=3 tau=0.5,7974,1.0,0.018029845156013653,0.023218759900021913,0.1717526713196598,0.9158088228781662,55.46359335573446,0.7678775569730252,0.64,0.608,0.0,0.92,513,0.26894142135724247
lam0=-4 lam1=3 tau=1,7974,1.0,0.018008019073028222,0.020498559175617975,0.06859181590689882,0.47633258163905134,55.53081635157555,0.7650234787535258,0.64,0.554,0.0,0.89,145,0.26893867875493216
lam0=-4 lam1=4 tau=0.1,7974,1.0,0.018278595845218425,0.07317264384447203,0.9569669987802987,0.9999927299398885,54.70879757219394,0.7729485913755989,0.67,0.642,0.0,0.96,1376,0.5
lam0=-4 lam1=4 tau=0.25,7974,1.0,0.01810275341171624,0.034389419847462556,0.5940877165598843,0.999634165956061,55.24021552173342,0.7709546279052731,0.66,0.616,0.0,0.93,881,0.5
lam0=-4 lam1=4 tau=0.5,7974,1.0,0.01804441330051891,0.025273441806202696,0.3177043520578568,0.9891815335579763,55.418814862284414,0.7678759440058444,0.64,0.608,0.0,0.92,513,0.4999999999783793
lam0=-4 lam1=4 tau=1,7974,1.0,0.01801529454388027,0.02141005263990577,0.10482769637026271,0.7697691950449147,55.50839024942262,0.7650234787535258,0.64,0.554,0.0,0.89,145,0.49999535019084285
lam0=-3 lam1=1 tau=0.1,7974,0.9999999999999969,0.047611704369680576,0.06693602726113083,0.22713679732665268,0.7227081903038648,21.00323887243161,0.7729494650661551,0.67,0.642,0.0,0.96,1376,0.11920292202211755
lam0=-3 lam1=1 tau=0.25,7974,0.9999999999998641,0.04750021453199761,0.05552725136141365,0.12956870755446365,0.49456093453545424,21.052536495940103,0.7709532165589899,0.66,0.616,0.0,0.93,881,0.11920292202211755
lam0=-3 lam1=1 tau=0.5,7974,0.999999999914027,0.04746304531786455,0.0515097345375207,0.1005538778119902,0.2950266799202924,21.069023136145848,0.7678789683193084,0.64,0.608,0.0,0.92,513,0.11920292201984749
lam0=-3 lam1=1 tau=1,7974,0.999999737193106,0.047444459611935955,0.04947424454941404,0.07336073206040174,0.15469441211177218,21.077271094927355,0.7650232099256624,0.64,0.554,0.0,0.89,145,0.11920243382284712
lam0=-3 lam1=2 tau=0.1,7974,1.0,0.04779822717636266,0.09368296212340134,0.6343445600021915,0.9927239887241519,20.921278027954212,0.7729484569616671,0.67,0.642,0.0,0.96,1376,0.2689414213699951
lam0=-3 lam1=2 tau=0.25,7974,1.0,0.04757466659854201,0.06491820971948085,0.30798531929115,0.9505690590665539,21.01959028821962,0.7709547623192049,0.66,0.616,0.0,0.93,881,0.2689414213699951
lam0=-3 lam1=2 tau=0.5,7974,1.0,0.04750024514064589,0.05592461311258682,0.2006605658882683,0.7786491687480952,21.052522929914346,0.7678789683193084,0.64,0.608,0.0,0.92,513,0.26894142136149335
lam0=-3 lam1=2 tau=1,7974,0.9999999999999967,0.04746305296748165,0.05160629416636709,0.11181339606257948,0.40215512514762186,21.069019742264082,0.7650234787535258,0.64,0.554,0.0,0.89,145,0.2689395929579887
lam0=-3 lam1=3 tau=0.1,7974,1.0,0.04798544388486849,0.12963281088005013,0.9110360479384675,0.9998600106781205,20.83965300809347,0.7729516156890629,0.67,0.642,0.0,0.96,1376,0.5
lam0=-3 lam1=3 tau=0.25,7974,1.0,0.047649229523820155,0.07576998377058497,0.5709351164004424,0.9973610320369599,20.98669821093526,0.7709528805241606,0.66,0.616,0.0,0.93,881,0.5
lam0=-3 lam1=3 tau=0.5,7974,1.0,0.04753747266424809,0.0606936755827111,0.3604857641370809,0.9672868357747606,21.036036287896273,0.7678775569730252,0.64,0.608,0.0,0.92,513,0.4999999999837845
lam0=-3 lam1=3 tau=1,7974,1.0,0.047481653246496655,0.053825019827106066,0.1667934776464006,0.7120287315212405,21.06076624604016,0.7650234787535258,0.64,0.554,0.0,0.89,145,0.4999965126431321
lam0=-3 lam1=4 tau=0.1,7974,1.0,0.04817335678776224,0.1766885947698489,0.9837263674788067,0.999997325482058,20.758362436848824,0.7729485913755989,0.67,0.642,0.0,0.96,1376,0.7310585786300049
lam0=-3 lam1=4 tau=0.25,7974,1.0,0.04772390345458894,0.08826452136691307,0.799133883069539,0.9998653860463005,20.95386017515388,0.7709527461102288,0.66,0.616,0.0,0.93,881,0.7310585786300049
lam0=-3 lam1=4 tau=0.5,7974,1.0,0.04757472790701706,0.06584106455475502,0.5586433520627841,0.9959927044193888,21.01956320074937,0.7678775569730252,0.64,0.608,0.0,0.92,513,0.7310585786130014
lam0=-3 lam1=4 tau=1,7974,1.0,0.04750026045127429,0.05613348989746736,0.24145846589899328,0.9008769319910835,21.052516144112488,0.7650235459604917,0.64,0.554,0.0,0.89,145,0.7310549217824192
lam0=-2 lam1=1 tau=0.1,7974,0.9999999999999989,0.11963467869263188,0.16318255199502812,0.4440973000453467,0.8763093066444491,8.358780338009028,0.7729487257895307,0.67,0.642,0.0,0.96,1376,0.2689414213699951
lam0=-2 lam1=1 tau=0.25,7974,0.99999999999995,0.11937567590823203,0.1377918005309708,0.2880697045266097,0.7267593878516498,8.37691592019703,0.7709548295261708,0.66,0.616,0.0,0.93,881,0.2689414213699951
lam0=-2 lam1=1 tau=0.5,7974,0.9999999999683722,0.11928930746594328,0.12863290338845038,0.23306485490718762,0.5321819078115556,8.38298101658331,0.7678789683193084,0.64,0.608,0.0,0.92,513,0.2689414213657442
lam0=-2 lam1=1 tau=1,7974,0.9999999033187306,0.11924611686588327,0.12394803157914268,0.17709191310958078,0.3322010640800747,8.386016497656152,0.7650234787535258,0.64,0.554,0.0,0.89,145,0.2689405071630097
lam0=-2 lam1=2 tau=0.1,7974,1.0,0.1200677860214239,0.2193475069048963,0.8250437983657669,0.9973109371754395,8.328628628344728,0.7729484569616671,0.67,0.642,0.0,0.96,1376,0.5
lam0=-2 lam1=2 tau=0.25,7974,1.0,0.11954864617543229,0.15875699900290968,0.5474678546435595,0.9812288417502313,8.364795687711467,0.7709547623192049,0.66,0.616,0.0,0.93,881,0.5
lam0=-2 lam1=2 tau=0.5,7974,1.0,0.11937574702797739,0.13869141278356303,0.4056033933739787,0.9053222269668249,8.376910929534422,0.7678770865242641,0.64,0.608,0.0,0.92,513,0.49999999998918965
lam0=-2 lam1=2 tau=1,7974,0.9999999999999987,0.1192893252420662,0.12885439660720927,0.25495625034761443,0.6464579389398406,8.382979767642768,0.7650234787535258,0.64,0.554,0.0,0.89,145,0.4999976750954213
lam0=-2 lam1=3 tau=0.1,7974,1.0,0.12050224668857475,0.28818626246994933,0.9653218315221181,0.9999484962489135,8.29860046165275,0.7729516156890629,0.67,0.642,0.0,0.96,1376,0.7310585786300049
lam0=-2 lam1=3 tau=0.25,7974,1.0,0.11972183299622755,0.1822378601225895,0.7834129523606134,0.9990275557495244,8.35269536870113,0.7709518724196726,0.66,0.616,0.0,0.93,881,0.7310585786300049
lam0=-2 lam1=3 tau=0.5,7974,1.0,0.1194622407298245,0.1494015962892116,0.6050957732197177,0.9877113873378908,8.370845832882019,0.7678766832824688,0.64,0.608,0.0,0.92,513,0.7310585786172522
lam0=-2 lam1=3 tau=1,7974,1.0,0.1193325471533694,0.1339252852547172,0.3523953763488237,0.8704852707510465,8.379943476064188,0.7650213281306181,0.64,0.554,0.0,0.89,145,0.7310558359972622
lam0=-2 lam1=4 tau=0.1,7974,1.0,0.12093806336805556,0.36843287901983707,0.9939510401310104,0.9999990160981707,8.268695331730761,0.772951548482097,0.67,0.642,0.0,0.96,1376,0.8807970779778823
lam0=-2 lam1=4 tau=0.25,7974,1.0,0.11989523654297297,0.20833158415645883,0.9153584064126296,0.9999504740796115,8.340614930448709,0.7709520068336043,0.66,0.616,0.0,0.93,881,0.8807970779778823
lam0=-2 lam1=4 tau=0.5,7974,1.0,0.11954878859307971,0.16078445988311174,0.7748072897780618,0.9985220545666019,8.36478572278805,0.7678788339053766,0.64,0.608,0.0,0.92,513,0.8807970779688024
lam0=-2 lam1=4 tau=1,7974,1.0,0.11937578260249554,0.1391638528000704,0.46388720611212797,0.961097059897147,8.376908433177427,0.7650216641654474,0.64,0.554,0.0,0.89,145,0.8807951251635122
