sample_id	src_r1	src_r2	bytes_r1	bytes_r2
S1	GMCF_3495_S1_L7_ds.79258e8f7b36451abf1def28087d5b5f/GMCF_3495_S1_S1_L007_R1_001.fastq.gz	GMCF_3495_S1_L7_ds.79258e8f7b36451abf1def28087d5b5f/GMCF_3495_S1_S1_L007_R2_001.fastq.gz	154275538	150281009
S2	GMCF_3495_S2_L7_ds.50f5d252e4c3488da30b853115747d5e/GMCF_3495_S2_S2_L007_R1_001.fastq.gz	GMCF_3495_S2_L7_ds.50f5d252e4c3488da30b853115747d5e/GMCF_3495_S2_S2_L007_R2_001.fastq.gz	3579410	2659316
S3	GMCF_3495_S3_L7_ds.22ee2280992b4bf38d180deb826f0b23/GMCF_3495_S3_S3_L007_R1_001.fastq.gz	GMCF_3495_S3_L7_ds.22ee2280992b4bf38d180deb826f0b23/GMCF_3495_S3_S3_L007_R2_001.fastq.gz	53947233	52418668
S4	GMCF_3495_S4_L7_ds.1287372bc1a54c55be03a380c6d7177a/GMCF_3495_S4_S4_L007_R1_001.fastq.gz	GMCF_3495_S4_L7_ds.1287372bc1a54c55be03a380c6d7177a/GMCF_3495_S4_S4_L007_R2_001.fastq.gz	1695715190	1808011749
S5	GMCF_3495_S5_L7_ds.347ad694af064c4da6c56c16b8bf94ab/GMCF_3495_S5_S5_L007_R1_001.fastq.gz	GMCF_3495_S5_L7_ds.347ad694af064c4da6c56c16b8bf94ab/GMCF_3495_S5_S5_L007_R2_001.fastq.gz	670144077	675862828
S6	GMCF_3495_S6_L7_ds.681b435946b348758bb0aaaf964ef666/GMCF_3495_S6_S6_L007_R1_001.fastq.gz	GMCF_3495_S6_L7_ds.681b435946b348758bb0aaaf964ef666/GMCF_3495_S6_S6_L007_R2_001.fastq.gz	15431925826	15814685065
S7	GMCF_3495_S7_L7_ds.3811d9e6a3f84f819d6f56e433dbd5f0/GMCF_3495_S7_S7_L007_R1_001.fastq.gz	GMCF_3495_S7_L7_ds.3811d9e6a3f84f819d6f56e433dbd5f0/GMCF_3495_S7_S7_L007_R2_001.fastq.gz	52641479	51991383
S8	GMCF_3495_S8_L7_ds.e973a656a12042fcbbb05de0ca30573b/GMCF_3495_S8_S8_L007_R1_001.fastq.gz	GMCF_3495_S8_L7_ds.e973a656a12042fcbbb05de0ca30573b/GMCF_3495_S8_S8_L007_R2_001.fastq.gz	787574114	764927701
S9	GMCF_3495_S9_L7_ds.15ffce97368045dfbf130e1af41d8d06/GMCF_3495_S9_S9_L007_R1_001.fastq.gz	GMCF_3495_S9_L7_ds.15ffce97368045dfbf130e1af41d8d06/GMCF_3495_S9_S9_L007_R2_001.fastq.gz	23989280461	24692586665
S10	GMCF_3495_S10_L7_ds.1430341434a9413f9c3aaeec537ba7bc/GMCF_3495_S10_S10_L007_R1_001.fastq.gz	GMCF_3495_S10_L7_ds.1430341434a9413f9c3aaeec537ba7bc/GMCF_3495_S10_S10_L007_R2_001.fastq.gz	1034867631	1098493232
S11	GMCF_3495_S11_L7_ds.625f0c4c56164fa2924458fd3d846173/GMCF_3495_S11_S11_L007_R1_001.fastq.gz	GMCF_3495_S11_L7_ds.625f0c4c56164fa2924458fd3d846173/GMCF_3495_S11_S11_L007_R2_001.fastq.gz	961190352	967087180
S12	GMCF_3495_S12_L7_ds.f4b43bfa9a8847b5a29f8d28d495c664/GMCF_3495_S12_S12_L007_R1_001.fastq.gz	GMCF_3495_S12_L7_ds.f4b43bfa9a8847b5a29f8d28d495c664/GMCF_3495_S12_S12_L007_R2_001.fastq.gz	1552498279	1576912284
S13	GMCF_3495_S13_L7_ds.8ddf3eb08a164f53828405c47a715059/GMCF_3495_S13_S13_L007_R1_001.fastq.gz	GMCF_3495_S13_L7_ds.8ddf3eb08a164f53828405c47a715059/GMCF_3495_S13_S13_L007_R2_001.fastq.gz	13203376577	13792764281
S14	GMCF_3495_S14_L7_ds.8f326a419d654b589af278fd047bf9a4/GMCF_3495_S14_S14_L007_R1_001.fastq.gz	GMCF_3495_S14_L7_ds.8f326a419d654b589af278fd047bf9a4/GMCF_3495_S14_S14_L007_R2_001.fastq.gz	23486628781	24015525436
S15	GMCF_3495_S15_L7_ds.e375bf28034d4c7cbcd0bebfe7202094/GMCF_3495_S15_S15_L007_R1_001.fastq.gz	GMCF_3495_S15_L7_ds.e375bf28034d4c7cbcd0bebfe7202094/GMCF_3495_S15_S15_L007_R2_001.fastq.gz	5358135495	5564818503
S16	GMCF_3495_S16_L7_ds.5b15a6ba05c045079ee1ad5123b6c043/GMCF_3495_S16_S16_L007_R1_001.fastq.gz	GMCF_3495_S16_L7_ds.5b15a6ba05c045079ee1ad5123b6c043/GMCF_3495_S16_S16_L007_R2_001.fastq.gz	419619115	419083641
S17	GMCF_3495_S17_L7_ds.90c04705ffe9466fb912208685d5d4eb/GMCF_3495_S17_S17_L007_R1_001.fastq.gz	GMCF_3495_S17_L7_ds.90c04705ffe9466fb912208685d5d4eb/GMCF_3495_S17_S17_L007_R2_001.fastq.gz	146556967	140587221
S18	GMCF_3495_S18_L7_ds.44773edf44de46019435189d187ff2b9/GMCF_3495_S18_S18_L007_R1_001.fastq.gz	GMCF_3495_S18_L7_ds.44773edf44de46019435189d187ff2b9/GMCF_3495_S18_S18_L007_R2_001.fastq.gz	972436482	964711190
S19	GMCF_3495_S19_L7_ds.4d964686261f4317b74212b885d61ebe/GMCF_3495_S19_S19_L007_R1_001.fastq.gz	GMCF_3495_S19_L7_ds.4d964686261f4317b74212b885d61ebe/GMCF_3495_S19_S19_L007_R2_001.fastq.gz	104390517	106814657
S20	GMCF_3495_S20_L7_ds.73c82b10cdfe4acebed8f7d0751462b8/GMCF_3495_S20_S20_L007_R1_001.fastq.gz	GMCF_3495_S20_L7_ds.73c82b10cdfe4acebed8f7d0751462b8/GMCF_3495_S20_S20_L007_R2_001.fastq.gz	328581758	327400660
S21	GMCF_3495_S21_L7_ds.2de8b8840ed44e1581e205c1474cff31/GMCF_3495_S21_S21_L007_R1_001.fastq.gz	GMCF_3495_S21_L7_ds.2de8b8840ed44e1581e205c1474cff31/GMCF_3495_S21_S21_L007_R2_001.fastq.gz	45129249	44805308
S22	GMCF_3495_S22_L7_ds.8401b1fc11ff42a5acb4a9b83e76243f/GMCF_3495_S22_S22_L007_R1_001.fastq.gz	GMCF_3495_S22_L7_ds.8401b1fc11ff42a5acb4a9b83e76243f/GMCF_3495_S22_S22_L007_R2_001.fastq.gz	130817677	130656189
S23	GMCF_3495_S23_L7_ds.772ed88751f04353bc27a6cc23ed1de2/GMCF_3495_S23_S23_L007_R1_001.fastq.gz	GMCF_3495_S23_L7_ds.772ed88751f04353bc27a6cc23ed1de2/GMCF_3495_S23_S23_L007_R2_001.fastq.gz	417424981	418525274
S24	GMCF_3495_S24_L7_ds.de359cbc366d49f883e339d2a182fee3/GMCF_3495_S24_S24_L007_R1_001.fastq.gz	GMCF_3495_S24_L7_ds.de359cbc366d49f883e339d2a182fee3/GMCF_3495_S24_S24_L007_R2_001.fastq.gz	1375612976	1354671235
S25	GMCF_3495_S25_L7_ds.4fc756266a8c42c9ab95f29ddb286a63/GMCF_3495_S25_S25_L007_R1_001.fastq.gz	GMCF_3495_S25_L7_ds.4fc756266a8c42c9ab95f29ddb286a63/GMCF_3495_S25_S25_L007_R2_001.fastq.gz	42031386926	43859936358
S26	GMCF_3495_S26_L7_ds.c16cfbc8dfcf4f8293a48986a43b5bf2/GMCF_3495_S26_S26_L007_R1_001.fastq.gz	GMCF_3495_S26_L7_ds.c16cfbc8dfcf4f8293a48986a43b5bf2/GMCF_3495_S26_S26_L007_R2_001.fastq.gz	3419226476	3444443374
S27	GMCF_3495_S27_L7_ds.52d675480a1d4963857c4b86ef9ae5fa/GMCF_3495_S27_S27_L007_R1_001.fastq.gz	GMCF_3495_S27_L7_ds.52d675480a1d4963857c4b86ef9ae5fa/GMCF_3495_S27_S27_L007_R2_001.fastq.gz	38047316883	39362279053
S28	GMCF_3495_S28_L7_ds.e239651b383e40f982b02cb5bfea6262/GMCF_3495_S28_S28_L007_R1_001.fastq.gz	GMCF_3495_S28_L7_ds.e239651b383e40f982b02cb5bfea6262/GMCF_3495_S28_S28_L007_R2_001.fastq.gz	7882114205	7771290798
S29	GMCF_3495_S29_L7_ds.80799b527b1642c9a8a3b1782d63001d/GMCF_3495_S29_S29_L007_R1_001.fastq.gz	GMCF_3495_S29_L7_ds.80799b527b1642c9a8a3b1782d63001d/GMCF_3495_S29_S29_L007_R2_001.fastq.gz	22324902998	23159099839
S30	GMCF_3495_S30_L7_ds.71542e9eecdb4f719bc86e6ca2fde73a/GMCF_3495_S30_S30_L007_R1_001.fastq.gz	GMCF_3495_S30_L7_ds.71542e9eecdb4f719bc86e6ca2fde73a/GMCF_3495_S30_S30_L007_R2_001.fastq.gz	14925718006	15749040075
S31	GMCF_3495_S31_L7_ds.162f7749809f4f3c88b33fad843f522c/GMCF_3495_S31_S31_L007_R1_001.fastq.gz	GMCF_3495_S31_L7_ds.162f7749809f4f3c88b33fad843f522c/GMCF_3495_S31_S31_L007_R2_001.fastq.gz	3226006247	3117433598
S32	GMCF_3495_S32_L7_ds.990e7236c9284db29213a457936dd0ab/GMCF_3495_S32_S32_L007_R1_001.fastq.gz	GMCF_3495_S32_L7_ds.990e7236c9284db29213a457936dd0ab/GMCF_3495_S32_S32_L007_R2_001.fastq.gz	2609037272	2475575020
S33	GMCF_3495_S33_L7_ds.281d7e6832ab45b3b11efdf0613edb57/GMCF_3495_S33_S33_L007_R1_001.fastq.gz	GMCF_3495_S33_L7_ds.281d7e6832ab45b3b11efdf0613edb57/GMCF_3495_S33_S33_L007_R2_001.fastq.gz	960205181	923991633
NTC	GMCF_3495_NTC_L7_ds.940297d09b264feba08ca5fa17b0f7e5/GMCF_3495_NTC_S34_L007_R1_001.fastq.gz	GMCF_3495_NTC_L7_ds.940297d09b264feba08ca5fa17b0f7e5/GMCF_3495_NTC_S34_L007_R2_001.fastq.gz	29703	29425
