unit	arm	mnxm	n_pos	n_neg	auroc
e_coli_dh10b__denovo_ev__C__dir	denovo_ev	MNXM1363773	1	24	0.041666666666666664
e_coli_dh10b__denovo_ev__C__dir	denovo_ev	MNXM1364595	1	24	0.8333333333333334
e_coli_dh10b__denovo_ev__C__dir	denovo_ev	MNXM1364638	12	13	0.5384615384615384
e_coli_dh10b__denovo_ev__C__dir	denovo_ev	MNXM1670	2	23	0.391304347826087
e_coli_dh10b__denovo_ev__C__dir	denovo_ev	MNXM25	1	24	0.9166666666666666
e_coli_dh10b__denovo_ev__C__dir	denovo_ev	MNXM2861	1	24	1.0
e_coli_dh10b__denovo_ev__C__dir	denovo_ev	MNXM3912	1	24	1.0
e_coli_dh10b__denovo_ev__C__dir	denovo_ev	MNXM460	1	24	0.7916666666666666
e_coli_dh10b__denovo_ev__C__dir	denovo_ev	MNXM56953	1	24	0.5
e_coli_dh10b__denovo_ev__C__dir	denovo_ev	MNXM59345	1	24	0.5
e_coli_dh10b__denovo_ev__C__dir	denovo_ev	MNXM664	1	24	1.0
e_coli_dh10b__denovo_ev__C__dir	denovo_ev	MNXM740127	1	24	1.0
e_coli_dh10b__fba_a0.1__C__dir	fba_a0.1	MNXM1364595	1	24	0.375
e_coli_dh10b__fba_a0.1__C__dir	fba_a0.1	MNXM1364638	12	13	0.5
e_coli_dh10b__fba_a0.1__C__dir	fba_a0.1	MNXM1670	2	23	0.5
e_coli_dh10b__fba_a0.1__C__dir	fba_a0.1	MNXM25	1	24	0.25
e_coli_dh10b__fba_a0.1__C__dir	fba_a0.1	MNXM2861	1	24	0.041666666666666664
e_coli_dh10b__fba_a0.1__C__dir	fba_a0.1	MNXM3912	1	24	1.0
e_coli_dh10b__fba_a0.1__C__dir	fba_a0.1	MNXM460	1	24	0.2916666666666667
e_coli_dh10b__fba_a0.1__C__dir	fba_a0.1	MNXM664	1	24	1.0
e_coli_dh10b__gem__C__dir	gem	MNXM1363773	1	24	0.5
e_coli_dh10b__gem__C__dir	gem	MNXM1364595	1	24	0.5
e_coli_dh10b__gem__C__dir	gem	MNXM1364638	12	13	0.5384615384615384
e_coli_dh10b__gem__C__dir	gem	MNXM1670	2	23	0.5
e_coli_dh10b__gem__C__dir	gem	MNXM25	1	24	0.9166666666666666
e_coli_dh10b__gem__C__dir	gem	MNXM2861	1	24	1.0
e_coli_dh10b__gem__C__dir	gem	MNXM3912	1	24	1.0
e_coli_dh10b__gem__C__dir	gem	MNXM460	1	24	0.9166666666666666
e_coli_dh10b__gem__C__dir	gem	MNXM56953	1	24	0.5
e_coli_dh10b__gem__C__dir	gem	MNXM59345	1	24	0.5
e_coli_dh10b__gem__C__dir	gem	MNXM664	1	24	1.0
e_coli_dh10b__gem__C__dir	gem	MNXM740127	1	24	1.0
e_coli_dh10b__gem__C__und	gem	MNXM1363773	1	24	0.5
e_coli_dh10b__gem__C__und	gem	MNXM1364595	1	24	0.5
e_coli_dh10b__gem__C__und	gem	MNXM1364638	12	13	0.5
e_coli_dh10b__gem__C__und	gem	MNXM1670	2	23	0.5
e_coli_dh10b__gem__C__und	gem	MNXM25	1	24	0.9166666666666666
e_coli_dh10b__gem__C__und	gem	MNXM2861	1	24	1.0
e_coli_dh10b__gem__C__und	gem	MNXM3912	1	24	0.5
e_coli_dh10b__gem__C__und	gem	MNXM460	1	24	0.9583333333333334
e_coli_dh10b__gem__C__und	gem	MNXM56953	1	24	0.5
e_coli_dh10b__gem__C__und	gem	MNXM59345	1	24	0.5
e_coli_dh10b__gem__C__und	gem	MNXM664	1	24	1.0
e_coli_dh10b__gem__C__und	gem	MNXM740127	1	24	1.0
e_coli_dh10b__trivial__C__dir	trivial	MNXM1363773	1	25	0.5
e_coli_dh10b__trivial__C__dir	trivial	MNXM1364111	1	25	0.5
e_coli_dh10b__trivial__C__dir	trivial	MNXM1364595	1	25	0.5
e_coli_dh10b__trivial__C__dir	trivial	MNXM1364638	12	14	0.4642857142857143
e_coli_dh10b__trivial__C__dir	trivial	MNXM1670	2	24	0.5
e_coli_dh10b__trivial__C__dir	trivial	MNXM25	1	25	0.98
e_coli_dh10b__trivial__C__dir	trivial	MNXM2861	1	25	1.0
e_coli_dh10b__trivial__C__dir	trivial	MNXM3912	1	25	0.5
e_coli_dh10b__trivial__C__dir	trivial	MNXM460	1	25	0.48
e_coli_dh10b__trivial__C__dir	trivial	MNXM56953	1	25	0.5
e_coli_dh10b__trivial__C__dir	trivial	MNXM59345	1	25	0.5
e_coli_dh10b__trivial__C__dir	trivial	MNXM664	1	25	1.0
e_coli_dh10b__trivial__C__dir	trivial	MNXM740127	1	25	1.0
e_coli_k12__denovo_ev__C__dir	denovo_ev	MNXM1021	1	198	0.1717171717171717
e_coli_k12__denovo_ev__C__dir	denovo_ev	MNXM108399	1	198	0.5
e_coli_k12__denovo_ev__C__dir	denovo_ev	MNXM1104965	1	198	0.4393939393939394
e_coli_k12__denovo_ev__C__dir	denovo_ev	MNXM1104966	1	198	0.8434343434343434
e_coli_k12__denovo_ev__C__dir	denovo_ev	MNXM1105732	2	197	0.44289340101522845
e_coli_k12__denovo_ev__C__dir	denovo_ev	MNXM1106145	1	198	0.5
e_coli_k12__denovo_ev__C__dir	denovo_ev	MNXM1106823	1	198	0.25252525252525254
e_coli_k12__denovo_ev__C__dir	denovo_ev	MNXM1107139	1	198	0.045454545454545456
e_coli_k12__denovo_ev__C__dir	denovo_ev	MNXM1108092	22	177	0.7479455572675912
e_coli_k12__denovo_ev__C__dir	denovo_ev	MNXM1108250	2	197	1.0
e_coli_k12__denovo_ev__C__dir	denovo_ev	MNXM11527	1	198	0.898989898989899
e_coli_k12__denovo_ev__C__dir	denovo_ev	MNXM118	1	198	1.0
e_coli_k12__denovo_ev__C__dir	denovo_ev	MNXM1364595	3	196	0.1921768707482993
e_coli_k12__denovo_ev__C__dir	denovo_ev	MNXM1364638	11	188	0.5053191489361702
e_coli_k12__denovo_ev__C__dir	denovo_ev	MNXM1364660	1	198	0.5
e_coli_k12__denovo_ev__C__dir	denovo_ev	MNXM1369382	1	198	0.8636363636363636
e_coli_k12__denovo_ev__C__dir	denovo_ev	MNXM1370996	1	198	0.1414141414141414
e_coli_k12__denovo_ev__C__dir	denovo_ev	MNXM1371012	1	198	0.5
e_coli_k12__denovo_ev__C__dir	denovo_ev	MNXM1371362	12	187	0.6461675579322638
e_coli_k12__denovo_ev__C__dir	denovo_ev	MNXM1371363	3	196	0.3647959183673469
e_coli_k12__denovo_ev__C__dir	denovo_ev	MNXM1371610	1	198	0.5
e_coli_k12__denovo_ev__C__dir	denovo_ev	MNXM144	1	198	0.7676767676767676
e_coli_k12__denovo_ev__C__dir	denovo_ev	MNXM1510545	2	197	0.5
e_coli_k12__denovo_ev__C__dir	denovo_ev	MNXM156781	1	198	0.5
e_coli_k12__denovo_ev__C__dir	denovo_ev	MNXM16407	1	198	0.5
e_coli_k12__denovo_ev__C__dir	denovo_ev	MNXM1670	1	198	0.9343434343434344
e_coli_k12__denovo_ev__C__dir	denovo_ev	MNXM1734	1	198	0.0
e_coli_k12__denovo_ev__C__dir	denovo_ev	MNXM1747	1	198	1.0
e_coli_k12__denovo_ev__C__dir	denovo_ev	MNXM1780	2	197	0.7461928934010152
e_coli_k12__denovo_ev__C__dir	denovo_ev	MNXM1812	1	198	0.5
e_coli_k12__denovo_ev__C__dir	denovo_ev	MNXM1997	1	198	1.0
e_coli_k12__denovo_ev__C__dir	denovo_ev	MNXM23	1	198	0.797979797979798
e_coli_k12__denovo_ev__C__dir	denovo_ev	MNXM2496	1	198	0.5
e_coli_k12__denovo_ev__C__dir	denovo_ev	MNXM25	21	178	0.6131621187800963
e_coli_k12__denovo_ev__C__dir	denovo_ev	MNXM26	1	198	0.6767676767676768
e_coli_k12__denovo_ev__C__dir	denovo_ev	MNXM270	1	198	0.42424242424242425
e_coli_k12__denovo_ev__C__dir	denovo_ev	MNXM2757	2	197	0.5
e_coli_k12__denovo_ev__C__dir	denovo_ev	MNXM2800	1	198	0.4393939393939394
e_coli_k12__denovo_ev__C__dir	denovo_ev	MNXM3085	2	197	0.9289340101522843
e_coli_k12__denovo_ev__C__dir	denovo_ev	MNXM3230	7	192	0.6324404761904762
e_coli_k12__denovo_ev__C__dir	denovo_ev	MNXM3288	2	197	1.0
e_coli_k12__denovo_ev__C__dir	denovo_ev	MNXM398	1	198	0.898989898989899
e_coli_k12__denovo_ev__C__dir	denovo_ev	MNXM458	1	198	0.9141414141414141
e_coli_k12__denovo_ev__C__dir	denovo_ev	MNXM5188	3	196	0.7653061224489796
e_coli_k12__denovo_ev__C__dir	denovo_ev	MNXM55106	1	198	0.5
e_coli_k12__denovo_ev__C__dir	denovo_ev	MNXM602	1	198	0.8636363636363636
e_coli_k12__denovo_ev__C__dir	denovo_ev	MNXM6396	2	197	0.46573604060913704
e_coli_k12__denovo_ev__C__dir	denovo_ev	MNXM704	1	198	0.31313131313131315
e_coli_k12__denovo_ev__C__dir	denovo_ev	MNXM729045	5	194	0.5
e_coli_k12__denovo_ev__C__dir	denovo_ev	MNXM731508	1	198	0.5
e_coli_k12__denovo_ev__C__dir	denovo_ev	MNXM733758	3	196	0.375
e_coli_k12__denovo_ev__C__dir	denovo_ev	MNXM734430	1	198	0.5
e_coli_k12__denovo_ev__C__dir	denovo_ev	MNXM737068	2	197	0.565989847715736
e_coli_k12__denovo_ev__C__dir	denovo_ev	MNXM737340	2	197	0.9543147208121827
e_coli_k12__denovo_ev__C__dir	denovo_ev	MNXM737751	1	198	0.025252525252525252
e_coli_k12__denovo_ev__C__dir	denovo_ev	MNXM737752	2	197	0.5
e_coli_k12__denovo_ev__C__dir	denovo_ev	MNXM738152	2	197	0.0025380710659898475
e_coli_k12__denovo_ev__C__dir	denovo_ev	MNXM738153	1	198	0.005050505050505051
e_coli_k12__denovo_ev__C__dir	denovo_ev	MNXM738283	1	198	0.48484848484848486
e_coli_k12__denovo_ev__C__dir	denovo_ev	MNXM738702	2	197	0.8934010152284264
e_coli_k12__denovo_ev__C__dir	denovo_ev	MNXM75	1	198	0.7954545454545454
e_coli_k12__denovo_ev__C__dir	denovo_ev	MNXM81353	1	198	1.0
e_coli_k12__denovo_ev__C__dir	denovo_ev	MNXM872	4	195	0.4653846153846154
e_coli_k12__denovo_ev__C__und	denovo_ev	MNXM1021	1	198	0.17676767676767677
e_coli_k12__denovo_ev__C__und	denovo_ev	MNXM108399	1	198	0.5
e_coli_k12__denovo_ev__C__und	denovo_ev	MNXM1104965	1	198	0.51010101010101
e_coli_k12__denovo_ev__C__und	denovo_ev	MNXM1104966	1	198	0.9040404040404041
e_coli_k12__denovo_ev__C__und	denovo_ev	MNXM1105732	2	197	0.3946700507614213
e_coli_k12__denovo_ev__C__und	denovo_ev	MNXM1106145	1	198	0.5
e_coli_k12__denovo_ev__C__und	denovo_ev	MNXM1106823	1	198	0.16666666666666666
e_coli_k12__denovo_ev__C__und	denovo_ev	MNXM1107139	1	198	0.045454545454545456
e_coli_k12__denovo_ev__C__und	denovo_ev	MNXM1108092	22	177	0.6349512069851053
e_coli_k12__denovo_ev__C__und	denovo_ev	MNXM1108250	2	197	0.5
e_coli_k12__denovo_ev__C__und	denovo_ev	MNXM11527	1	198	0.9292929292929293
e_coli_k12__denovo_ev__C__und	denovo_ev	MNXM118	1	198	1.0
e_coli_k12__denovo_ev__C__und	denovo_ev	MNXM1364595	3	196	0.19387755102040816
e_coli_k12__denovo_ev__C__und	denovo_ev	MNXM1364638	11	188	0.5
e_coli_k12__denovo_ev__C__und	denovo_ev	MNXM1364660	1	198	0.5
e_coli_k12__denovo_ev__C__und	denovo_ev	MNXM1369382	1	198	0.8585858585858586
e_coli_k12__denovo_ev__C__und	denovo_ev	MNXM1370996	1	198	0.1414141414141414
e_coli_k12__denovo_ev__C__und	denovo_ev	MNXM1371012	1	198	0.5
e_coli_k12__denovo_ev__C__und	denovo_ev	MNXM1371362	12	187	0.5320855614973262
e_coli_k12__denovo_ev__C__und	denovo_ev	MNXM1371363	3	196	0.4005102040816326
e_coli_k12__denovo_ev__C__und	denovo_ev	MNXM1371610	1	198	0.5
e_coli_k12__denovo_ev__C__und	denovo_ev	MNXM144	1	198	0.8232323232323232
e_coli_k12__denovo_ev__C__und	denovo_ev	MNXM1510545	2	197	0.5
e_coli_k12__denovo_ev__C__und	denovo_ev	MNXM156781	1	198	0.5
e_coli_k12__denovo_ev__C__und	denovo_ev	MNXM16407	1	198	0.5
e_coli_k12__denovo_ev__C__und	denovo_ev	MNXM1670	1	198	0.9393939393939394
e_coli_k12__denovo_ev__C__und	denovo_ev	MNXM1734	1	198	0.0
e_coli_k12__denovo_ev__C__und	denovo_ev	MNXM1747	1	198	1.0
e_coli_k12__denovo_ev__C__und	denovo_ev	MNXM1780	2	197	0.7461928934010152
e_coli_k12__denovo_ev__C__und	denovo_ev	MNXM1812	1	198	0.5
e_coli_k12__denovo_ev__C__und	denovo_ev	MNXM1997	1	198	0.5
e_coli_k12__denovo_ev__C__und	denovo_ev	MNXM23	1	198	0.4696969696969697
e_coli_k12__denovo_ev__C__und	denovo_ev	MNXM2496	1	198	0.5
e_coli_k12__denovo_ev__C__und	denovo_ev	MNXM25	21	178	0.5762439807383628
e_coli_k12__denovo_ev__C__und	denovo_ev	MNXM26	1	198	0.46464646464646464
e_coli_k12__denovo_ev__C__und	denovo_ev	MNXM270	1	198	0.3484848484848485
e_coli_k12__denovo_ev__C__und	denovo_ev	MNXM2757	2	197	0.5
e_coli_k12__denovo_ev__C__und	denovo_ev	MNXM2800	1	198	0.45454545454545453
e_coli_k12__denovo_ev__C__und	denovo_ev	MNXM3085	2	197	0.9390862944162437
e_coli_k12__denovo_ev__C__und	denovo_ev	MNXM3230	7	192	0.7217261904761905
e_coli_k12__denovo_ev__C__und	denovo_ev	MNXM3288	2	197	1.0
e_coli_k12__denovo_ev__C__und	denovo_ev	MNXM398	1	198	0.9242424242424242
e_coli_k12__denovo_ev__C__und	denovo_ev	MNXM458	1	198	0.898989898989899
e_coli_k12__denovo_ev__C__und	denovo_ev	MNXM5188	3	196	0.8418367346938775
e_coli_k12__denovo_ev__C__und	denovo_ev	MNXM55106	1	198	0.5
e_coli_k12__denovo_ev__C__und	denovo_ev	MNXM602	1	198	0.8686868686868687
e_coli_k12__denovo_ev__C__und	denovo_ev	MNXM6396	2	197	0.39213197969543145
e_coli_k12__denovo_ev__C__und	denovo_ev	MNXM704	1	198	0.2777777777777778
e_coli_k12__denovo_ev__C__und	denovo_ev	MNXM729045	5	194	0.5
e_coli_k12__denovo_ev__C__und	denovo_ev	MNXM731508	1	198	0.5
e_coli_k12__denovo_ev__C__und	denovo_ev	MNXM733758	3	196	0.40901360544217685
e_coli_k12__denovo_ev__C__und	denovo_ev	MNXM734430	1	198	0.5
e_coli_k12__denovo_ev__C__und	denovo_ev	MNXM737068	2	197	0.5583756345177665
e_coli_k12__denovo_ev__C__und	denovo_ev	MNXM737340	2	197	0.9593908629441624
e_coli_k12__denovo_ev__C__und	denovo_ev	MNXM737751	1	198	0.025252525252525252
e_coli_k12__denovo_ev__C__und	denovo_ev	MNXM737752	2	197	0.5
e_coli_k12__denovo_ev__C__und	denovo_ev	MNXM738152	2	197	0.49746192893401014
e_coli_k12__denovo_ev__C__und	denovo_ev	MNXM738153	1	198	0.49747474747474746
e_coli_k12__denovo_ev__C__und	denovo_ev	MNXM738283	1	198	0.48484848484848486
e_coli_k12__denovo_ev__C__und	denovo_ev	MNXM738702	2	197	0.9137055837563451
e_coli_k12__denovo_ev__C__und	denovo_ev	MNXM75	1	198	0.5378787878787878
e_coli_k12__denovo_ev__C__und	denovo_ev	MNXM81353	1	198	1.0
e_coli_k12__denovo_ev__C__und	denovo_ev	MNXM872	4	195	0.46025641025641023
e_coli_k12__denovo_uni__C__dir	denovo_uni	MNXM1021	1	198	0.16666666666666666
e_coli_k12__denovo_uni__C__dir	denovo_uni	MNXM108399	1	198	0.5
e_coli_k12__denovo_uni__C__dir	denovo_uni	MNXM1104965	1	198	0.30808080808080807
e_coli_k12__denovo_uni__C__dir	denovo_uni	MNXM1104966	1	198	0.5252525252525253
e_coli_k12__denovo_uni__C__dir	denovo_uni	MNXM1105732	2	197	0.7906091370558376
e_coli_k12__denovo_uni__C__dir	denovo_uni	MNXM1106145	1	198	0.5
e_coli_k12__denovo_uni__C__dir	denovo_uni	MNXM1106823	1	198	0.2474747474747475
e_coli_k12__denovo_uni__C__dir	denovo_uni	MNXM1107139	1	198	0.03535353535353535
e_coli_k12__denovo_uni__C__dir	denovo_uni	MNXM1108092	22	177	0.6698767334360555
e_coli_k12__denovo_uni__C__dir	denovo_uni	MNXM1108250	2	197	1.0
e_coli_k12__denovo_uni__C__dir	denovo_uni	MNXM11527	1	198	0.9141414141414141
e_coli_k12__denovo_uni__C__dir	denovo_uni	MNXM118	1	198	1.0
e_coli_k12__denovo_uni__C__dir	denovo_uni	MNXM1364595	3	196	0.16156462585034015
e_coli_k12__denovo_uni__C__dir	denovo_uni	MNXM1364638	11	188	0.5053191489361702
e_coli_k12__denovo_uni__C__dir	denovo_uni	MNXM1364660	1	198	0.5
e_coli_k12__denovo_uni__C__dir	denovo_uni	MNXM1369382	1	198	0.9141414141414141
e_coli_k12__denovo_uni__C__dir	denovo_uni	MNXM1370996	1	198	0.1414141414141414
e_coli_k12__denovo_uni__C__dir	denovo_uni	MNXM1371012	1	198	0.5
e_coli_k12__denovo_uni__C__dir	denovo_uni	MNXM1371362	12	187	0.678698752228164
e_coli_k12__denovo_uni__C__dir	denovo_uni	MNXM1371363	3	196	0.397108843537415
e_coli_k12__denovo_uni__C__dir	denovo_uni	MNXM1371610	1	198	0.5
e_coli_k12__denovo_uni__C__dir	denovo_uni	MNXM144	1	198	0.8585858585858586
e_coli_k12__denovo_uni__C__dir	denovo_uni	MNXM1510545	2	197	0.5
e_coli_k12__denovo_uni__C__dir	denovo_uni	MNXM156781	1	198	0.5
e_coli_k12__denovo_uni__C__dir	denovo_uni	MNXM16407	1	198	0.5
e_coli_k12__denovo_uni__C__dir	denovo_uni	MNXM1670	1	198	0.9343434343434344
e_coli_k12__denovo_uni__C__dir	denovo_uni	MNXM1734	1	198	0.0
e_coli_k12__denovo_uni__C__dir	denovo_uni	MNXM1747	1	198	1.0
e_coli_k12__denovo_uni__C__dir	denovo_uni	MNXM1780	2	197	0.7461928934010152
e_coli_k12__denovo_uni__C__dir	denovo_uni	MNXM1812	1	198	0.5
e_coli_k12__denovo_uni__C__dir	denovo_uni	MNXM1997	1	198	1.0
e_coli_k12__denovo_uni__C__dir	denovo_uni	MNXM23	1	198	0.8888888888888888
e_coli_k12__denovo_uni__C__dir	denovo_uni	MNXM2496	1	198	0.5
e_coli_k12__denovo_uni__C__dir	denovo_uni	MNXM25	21	178	0.6321562332798288
e_coli_k12__denovo_uni__C__dir	denovo_uni	MNXM26	1	198	0.7272727272727273
e_coli_k12__denovo_uni__C__dir	denovo_uni	MNXM270	1	198	0.9292929292929293
e_coli_k12__denovo_uni__C__dir	denovo_uni	MNXM2757	2	197	0.5
e_coli_k12__denovo_uni__C__dir	denovo_uni	MNXM2800	1	198	0.6565656565656566
e_coli_k12__denovo_uni__C__dir	denovo_uni	MNXM3085	2	197	0.9289340101522843
e_coli_k12__denovo_uni__C__dir	denovo_uni	MNXM3230	7	192	0.6101190476190477
e_coli_k12__denovo_uni__C__dir	denovo_uni	MNXM3288	2	197	1.0
e_coli_k12__denovo_uni__C__dir	denovo_uni	MNXM398	1	198	0.37373737373737376
e_coli_k12__denovo_uni__C__dir	denovo_uni	MNXM458	1	198	0.51010101010101
e_coli_k12__denovo_uni__C__dir	denovo_uni	MNXM5188	3	196	0.5017006802721088
e_coli_k12__denovo_uni__C__dir	denovo_uni	MNXM55106	1	198	0.5
e_coli_k12__denovo_uni__C__dir	denovo_uni	MNXM602	1	198	0.9242424242424242
e_coli_k12__denovo_uni__C__dir	denovo_uni	MNXM6396	2	197	0.3565989847715736
e_coli_k12__denovo_uni__C__dir	denovo_uni	MNXM704	1	198	0.9242424242424242
e_coli_k12__denovo_uni__C__dir	denovo_uni	MNXM729045	5	194	0.5
e_coli_k12__denovo_uni__C__dir	denovo_uni	MNXM731508	1	198	0.5
e_coli_k12__denovo_uni__C__dir	denovo_uni	MNXM733758	3	196	0.407312925170068
e_coli_k12__denovo_uni__C__dir	denovo_uni	MNXM734430	1	198	0.5
e_coli_k12__denovo_uni__C__dir	denovo_uni	MNXM737068	2	197	0.6015228426395939
e_coli_k12__denovo_uni__C__dir	denovo_uni	MNXM737340	2	197	0.9543147208121827
e_coli_k12__denovo_uni__C__dir	denovo_uni	MNXM737751	1	198	0.030303030303030304
e_coli_k12__denovo_uni__C__dir	denovo_uni	MNXM737752	2	197	0.5
e_coli_k12__denovo_uni__C__dir	denovo_uni	MNXM738152	2	197	0.0038071065989847717
e_coli_k12__denovo_uni__C__dir	denovo_uni	MNXM738153	1	198	0.005050505050505051
e_coli_k12__denovo_uni__C__dir	denovo_uni	MNXM738283	1	198	0.48484848484848486
e_coli_k12__denovo_uni__C__dir	denovo_uni	MNXM738702	2	197	0.8527918781725888
e_coli_k12__denovo_uni__C__dir	denovo_uni	MNXM75	1	198	0.37626262626262624
e_coli_k12__denovo_uni__C__dir	denovo_uni	MNXM81353	1	198	1.0
e_coli_k12__denovo_uni__C__dir	denovo_uni	MNXM872	4	195	0.3935897435897436
e_coli_k12__fba_a0.0__C__dir	fba_a0.0	MNXM1105732	2	193	0.28756476683937826
e_coli_k12__fba_a0.0__C__dir	fba_a0.0	MNXM1108092	22	173	0.49395691014188126
e_coli_k12__fba_a0.0__C__dir	fba_a0.0	MNXM1108250	2	193	0.5
e_coli_k12__fba_a0.0__C__dir	fba_a0.0	MNXM118	1	194	0.18556701030927836
e_coli_k12__fba_a0.0__C__dir	fba_a0.0	MNXM1364595	3	192	0.5572916666666666
e_coli_k12__fba_a0.0__C__dir	fba_a0.0	MNXM1364638	11	184	0.5
e_coli_k12__fba_a0.0__C__dir	fba_a0.0	MNXM1370996	1	194	0.5051546391752577
e_coli_k12__fba_a0.0__C__dir	fba_a0.0	MNXM1371362	12	183	0.5753642987249544
e_coli_k12__fba_a0.0__C__dir	fba_a0.0	MNXM1371363	3	192	0.6041666666666666
e_coli_k12__fba_a0.0__C__dir	fba_a0.0	MNXM144	1	194	0.4896907216494845
e_coli_k12__fba_a0.0__C__dir	fba_a0.0	MNXM1670	1	194	0.9948453608247423
e_coli_k12__fba_a0.0__C__dir	fba_a0.0	MNXM1734	1	194	0.005154639175257732
e_coli_k12__fba_a0.0__C__dir	fba_a0.0	MNXM1747	1	194	1.0
e_coli_k12__fba_a0.0__C__dir	fba_a0.0	MNXM1780	2	193	0.75
e_coli_k12__fba_a0.0__C__dir	fba_a0.0	MNXM1997	1	194	0.5
e_coli_k12__fba_a0.0__C__dir	fba_a0.0	MNXM23	1	194	0.05670103092783505
e_coli_k12__fba_a0.0__C__dir	fba_a0.0	MNXM25	21	174	0.7108648056923919
e_coli_k12__fba_a0.0__C__dir	fba_a0.0	MNXM26	1	194	0.7242268041237113
e_coli_k12__fba_a0.0__C__dir	fba_a0.0	MNXM270	1	194	0.12371134020618557
e_coli_k12__fba_a0.0__C__dir	fba_a0.0	MNXM3085	2	193	0.5
e_coli_k12__fba_a0.0__C__dir	fba_a0.0	MNXM3230	7	188	0.5691489361702128
e_coli_k12__fba_a0.0__C__dir	fba_a0.0	MNXM3288	2	193	1.0
e_coli_k12__fba_a0.0__C__dir	fba_a0.0	MNXM398	1	194	0.4948453608247423
e_coli_k12__fba_a0.0__C__dir	fba_a0.0	MNXM458	1	194	0.4536082474226804
e_coli_k12__fba_a0.0__C__dir	fba_a0.0	MNXM5188	3	192	0.4921875
e_coli_k12__fba_a0.0__C__dir	fba_a0.0	MNXM602	1	194	0.8092783505154639
e_coli_k12__fba_a0.0__C__dir	fba_a0.0	MNXM704	1	194	0.07216494845360824
e_coli_k12__fba_a0.0__C__dir	fba_a0.0	MNXM733758	3	192	0.4913194444444444
e_coli_k12__fba_a0.0__C__dir	fba_a0.0	MNXM737068	2	193	0.5
e_coli_k12__fba_a0.0__C__dir	fba_a0.0	MNXM737340	2	193	0.6204663212435233
e_coli_k12__fba_a0.0__C__dir	fba_a0.0	MNXM738152	2	193	0.5
e_coli_k12__fba_a0.0__C__dir	fba_a0.0	MNXM738283	1	194	0.47164948453608246
e_coli_k12__fba_a0.0__C__dir	fba_a0.0	MNXM738702	2	193	0.43523316062176165
e_coli_k12__fba_a0.0__C__dir	fba_a0.0	MNXM75	1	194	0.8556701030927835
e_coli_k12__fba_a0.0__C__dir	fba_a0.0	MNXM81353	1	194	1.0
e_coli_k12__fba_a0.0__C__dir	fba_a0.0	MNXM872	4	191	0.5890052356020943
e_coli_k12__fba_a0.1__C__dir	fba_a0.1	MNXM1105732	2	184	0.6059782608695652
e_coli_k12__fba_a0.1__C__dir	fba_a0.1	MNXM1108092	21	165	0.4049062049062049
e_coli_k12__fba_a0.1__C__dir	fba_a0.1	MNXM1108250	2	184	0.5
e_coli_k12__fba_a0.1__C__dir	fba_a0.1	MNXM118	1	185	0.4756756756756757
e_coli_k12__fba_a0.1__C__dir	fba_a0.1	MNXM1364595	3	183	0.2786885245901639
e_coli_k12__fba_a0.1__C__dir	fba_a0.1	MNXM1364638	11	175	0.5
e_coli_k12__fba_a0.1__C__dir	fba_a0.1	MNXM1370996	1	185	0.5
e_coli_k12__fba_a0.1__C__dir	fba_a0.1	MNXM1371362	12	174	0.6175766283524904
e_coli_k12__fba_a0.1__C__dir	fba_a0.1	MNXM1371363	3	183	0.47358834244080145
e_coli_k12__fba_a0.1__C__dir	fba_a0.1	MNXM144	1	185	0.5243243243243243
e_coli_k12__fba_a0.1__C__dir	fba_a0.1	MNXM1734	1	185	0.5
e_coli_k12__fba_a0.1__C__dir	fba_a0.1	MNXM1747	1	185	1.0
e_coli_k12__fba_a0.1__C__dir	fba_a0.1	MNXM1780	2	184	0.748641304347826
e_coli_k12__fba_a0.1__C__dir	fba_a0.1	MNXM1997	1	185	0.5
e_coli_k12__fba_a0.1__C__dir	fba_a0.1	MNXM23	1	185	0.016216216216216217
e_coli_k12__fba_a0.1__C__dir	fba_a0.1	MNXM25	21	165	0.6552669552669552
e_coli_k12__fba_a0.1__C__dir	fba_a0.1	MNXM26	1	185	0.11891891891891893
e_coli_k12__fba_a0.1__C__dir	fba_a0.1	MNXM270	1	185	0.12432432432432433
e_coli_k12__fba_a0.1__C__dir	fba_a0.1	MNXM3085	2	184	0.5
e_coli_k12__fba_a0.1__C__dir	fba_a0.1	MNXM3230	7	179	0.5
e_coli_k12__fba_a0.1__C__dir	fba_a0.1	MNXM3288	2	184	1.0
e_coli_k12__fba_a0.1__C__dir	fba_a0.1	MNXM398	1	185	0.5
e_coli_k12__fba_a0.1__C__dir	fba_a0.1	MNXM458	1	185	0.4864864864864865
e_coli_k12__fba_a0.1__C__dir	fba_a0.1	MNXM5188	3	183	0.5
e_coli_k12__fba_a0.1__C__dir	fba_a0.1	MNXM602	1	185	0.6216216216216216
e_coli_k12__fba_a0.1__C__dir	fba_a0.1	MNXM733758	3	183	0.45901639344262296
e_coli_k12__fba_a0.1__C__dir	fba_a0.1	MNXM737068	2	184	0.5
e_coli_k12__fba_a0.1__C__dir	fba_a0.1	MNXM737340	2	184	0.29483695652173914
e_coli_k12__fba_a0.1__C__dir	fba_a0.1	MNXM738152	1	185	0.5
e_coli_k12__fba_a0.1__C__dir	fba_a0.1	MNXM738283	1	185	0.4837837837837838
e_coli_k12__fba_a0.1__C__dir	fba_a0.1	MNXM738702	2	184	0.30842391304347827
e_coli_k12__fba_a0.1__C__dir	fba_a0.1	MNXM75	1	185	0.31891891891891894
e_coli_k12__fba_a0.1__C__dir	fba_a0.1	MNXM81353	1	185	1.0
e_coli_k12__fba_a0.1__C__dir	fba_a0.1	MNXM872	4	182	0.529532967032967
e_coli_k12__fba_a0.3__C__dir	fba_a0.3	MNXM1105732	2	184	0.49320652173913043
e_coli_k12__fba_a0.3__C__dir	fba_a0.3	MNXM1108092	21	165	0.38975468975468974
e_coli_k12__fba_a0.3__C__dir	fba_a0.3	MNXM1108250	2	184	0.5
e_coli_k12__fba_a0.3__C__dir	fba_a0.3	MNXM118	1	185	0.4540540540540541
e_coli_k12__fba_a0.3__C__dir	fba_a0.3	MNXM1364595	3	183	0.2222222222222222
e_coli_k12__fba_a0.3__C__dir	fba_a0.3	MNXM1364638	11	175	0.5
e_coli_k12__fba_a0.3__C__dir	fba_a0.3	MNXM1370996	1	185	0.5
e_coli_k12__fba_a0.3__C__dir	fba_a0.3	MNXM1371362	12	174	0.5431034482758621
e_coli_k12__fba_a0.3__C__dir	fba_a0.3	MNXM1371363	3	183	0.49271402550091076
e_coli_k12__fba_a0.3__C__dir	fba_a0.3	MNXM144	1	185	0.6513513513513514
e_coli_k12__fba_a0.3__C__dir	fba_a0.3	MNXM1734	1	185	0.5
e_coli_k12__fba_a0.3__C__dir	fba_a0.3	MNXM1747	1	185	1.0
e_coli_k12__fba_a0.3__C__dir	fba_a0.3	MNXM1780	2	184	0.748641304347826
e_coli_k12__fba_a0.3__C__dir	fba_a0.3	MNXM1997	1	185	0.5
e_coli_k12__fba_a0.3__C__dir	fba_a0.3	MNXM23	1	185	0.010810810810810811
e_coli_k12__fba_a0.3__C__dir	fba_a0.3	MNXM25	21	165	0.6812409812409812
e_coli_k12__fba_a0.3__C__dir	fba_a0.3	MNXM26	1	185	0.11351351351351352
e_coli_k12__fba_a0.3__C__dir	fba_a0.3	MNXM270	1	185	0.12432432432432433
e_coli_k12__fba_a0.3__C__dir	fba_a0.3	MNXM3085	2	184	0.5
e_coli_k12__fba_a0.3__C__dir	fba_a0.3	MNXM3230	7	179	0.5
e_coli_k12__fba_a0.3__C__dir	fba_a0.3	MNXM3288	2	184	1.0
e_coli_k12__fba_a0.3__C__dir	fba_a0.3	MNXM398	1	185	0.5
e_coli_k12__fba_a0.3__C__dir	fba_a0.3	MNXM458	1	185	0.4864864864864865
e_coli_k12__fba_a0.3__C__dir	fba_a0.3	MNXM5188	3	183	0.5
e_coli_k12__fba_a0.3__C__dir	fba_a0.3	MNXM602	1	185	0.8675675675675676
e_coli_k12__fba_a0.3__C__dir	fba_a0.3	MNXM733758	3	183	0.4517304189435337
e_coli_k12__fba_a0.3__C__dir	fba_a0.3	MNXM737068	2	184	0.5
e_coli_k12__fba_a0.3__C__dir	fba_a0.3	MNXM737340	2	184	0.6725543478260869
e_coli_k12__fba_a0.3__C__dir	fba_a0.3	MNXM738152	1	185	0.5
e_coli_k12__fba_a0.3__C__dir	fba_a0.3	MNXM738283	1	185	0.4837837837837838
e_coli_k12__fba_a0.3__C__dir	fba_a0.3	MNXM738702	2	184	0.389945652173913
e_coli_k12__fba_a0.3__C__dir	fba_a0.3	MNXM75	1	185	0.5756756756756757
e_coli_k12__fba_a0.3__C__dir	fba_a0.3	MNXM81353	1	185	1.0
e_coli_k12__fba_a0.3__C__dir	fba_a0.3	MNXM872	4	182	0.4766483516483517
e_coli_k12__fba_a0.5__C__dir	fba_a0.5	MNXM1105732	2	182	0.5302197802197802
e_coli_k12__fba_a0.5__C__dir	fba_a0.5	MNXM1108092	21	163	0.39146947122407244
e_coli_k12__fba_a0.5__C__dir	fba_a0.5	MNXM1108250	2	182	0.5
e_coli_k12__fba_a0.5__C__dir	fba_a0.5	MNXM118	1	183	0.7704918032786885
e_coli_k12__fba_a0.5__C__dir	fba_a0.5	MNXM1364595	3	181	0.5441988950276243
e_coli_k12__fba_a0.5__C__dir	fba_a0.5	MNXM1364638	11	173	0.5
e_coli_k12__fba_a0.5__C__dir	fba_a0.5	MNXM1370996	1	183	0.5
e_coli_k12__fba_a0.5__C__dir	fba_a0.5	MNXM1371362	12	172	0.6216085271317829
e_coli_k12__fba_a0.5__C__dir	fba_a0.5	MNXM1371363	3	181	0.576427255985267
e_coli_k12__fba_a0.5__C__dir	fba_a0.5	MNXM144	1	183	0.366120218579235
e_coli_k12__fba_a0.5__C__dir	fba_a0.5	MNXM1734	1	183	0.5
e_coli_k12__fba_a0.5__C__dir	fba_a0.5	MNXM1747	1	183	1.0
e_coli_k12__fba_a0.5__C__dir	fba_a0.5	MNXM1780	2	182	0.7486263736263736
e_coli_k12__fba_a0.5__C__dir	fba_a0.5	MNXM1997	1	183	0.5
e_coli_k12__fba_a0.5__C__dir	fba_a0.5	MNXM25	21	163	0.6524978089395267
e_coli_k12__fba_a0.5__C__dir	fba_a0.5	MNXM26	1	183	0.15300546448087432
e_coli_k12__fba_a0.5__C__dir	fba_a0.5	MNXM270	1	183	0.12568306010928962
e_coli_k12__fba_a0.5__C__dir	fba_a0.5	MNXM3085	2	182	0.5
e_coli_k12__fba_a0.5__C__dir	fba_a0.5	MNXM3230	7	177	0.5
e_coli_k12__fba_a0.5__C__dir	fba_a0.5	MNXM3288	2	182	1.0
e_coli_k12__fba_a0.5__C__dir	fba_a0.5	MNXM398	1	183	0.5
e_coli_k12__fba_a0.5__C__dir	fba_a0.5	MNXM458	1	183	0.48633879781420764
e_coli_k12__fba_a0.5__C__dir	fba_a0.5	MNXM5188	3	181	0.5
e_coli_k12__fba_a0.5__C__dir	fba_a0.5	MNXM602	1	183	0.30601092896174864
e_coli_k12__fba_a0.5__C__dir	fba_a0.5	MNXM733758	3	181	0.5405156537753223
e_coli_k12__fba_a0.5__C__dir	fba_a0.5	MNXM737068	2	182	0.5
e_coli_k12__fba_a0.5__C__dir	fba_a0.5	MNXM737340	2	182	0.5412087912087912
e_coli_k12__fba_a0.5__C__dir	fba_a0.5	MNXM738152	1	183	0.5
e_coli_k12__fba_a0.5__C__dir	fba_a0.5	MNXM738283	1	183	0.48360655737704916
e_coli_k12__fba_a0.5__C__dir	fba_a0.5	MNXM738702	2	182	0.42032967032967034
e_coli_k12__fba_a0.5__C__dir	fba_a0.5	MNXM75	1	183	0.8743169398907104
e_coli_k12__fba_a0.5__C__dir	fba_a0.5	MNXM81353	1	183	1.0
e_coli_k12__fba_a0.5__C__dir	fba_a0.5	MNXM872	4	180	0.4625
e_coli_k12__fba_a0.9__C__dir	fba_a0.9	MNXM1105732	2	180	0.6888888888888889
e_coli_k12__fba_a0.9__C__dir	fba_a0.9	MNXM1108092	21	161	0.5266193433895298
e_coli_k12__fba_a0.9__C__dir	fba_a0.9	MNXM1108250	2	180	0.5
e_coli_k12__fba_a0.9__C__dir	fba_a0.9	MNXM118	1	181	0.6519337016574586
e_coli_k12__fba_a0.9__C__dir	fba_a0.9	MNXM1364595	3	179	0.5186219739292365
e_coli_k12__fba_a0.9__C__dir	fba_a0.9	MNXM1364638	11	171	0.5
e_coli_k12__fba_a0.9__C__dir	fba_a0.9	MNXM1370996	1	181	0.5
e_coli_k12__fba_a0.9__C__dir	fba_a0.9	MNXM1371362	12	170	0.5627450980392157
e_coli_k12__fba_a0.9__C__dir	fba_a0.9	MNXM1371363	3	179	0.8026070763500931
e_coli_k12__fba_a0.9__C__dir	fba_a0.9	MNXM144	1	181	0.4530386740331492
e_coli_k12__fba_a0.9__C__dir	fba_a0.9	MNXM1734	1	181	0.5
e_coli_k12__fba_a0.9__C__dir	fba_a0.9	MNXM1747	1	181	1.0
e_coli_k12__fba_a0.9__C__dir	fba_a0.9	MNXM1780	2	180	0.7486111111111111
e_coli_k12__fba_a0.9__C__dir	fba_a0.9	MNXM1997	1	181	0.5
e_coli_k12__fba_a0.9__C__dir	fba_a0.9	MNXM25	21	161	0.5551611949127477
e_coli_k12__fba_a0.9__C__dir	fba_a0.9	MNXM26	1	181	0.08839779005524862
e_coli_k12__fba_a0.9__C__dir	fba_a0.9	MNXM270	1	181	0.1270718232044199
e_coli_k12__fba_a0.9__C__dir	fba_a0.9	MNXM3085	2	180	0.5
e_coli_k12__fba_a0.9__C__dir	fba_a0.9	MNXM3230	7	175	0.5
e_coli_k12__fba_a0.9__C__dir	fba_a0.9	MNXM3288	2	180	1.0
e_coli_k12__fba_a0.9__C__dir	fba_a0.9	MNXM398	1	181	0.5
e_coli_k12__fba_a0.9__C__dir	fba_a0.9	MNXM458	1	181	0.4861878453038674
e_coli_k12__fba_a0.9__C__dir	fba_a0.9	MNXM5188	3	179	0.5
e_coli_k12__fba_a0.9__C__dir	fba_a0.9	MNXM602	1	181	0.5027624309392266
e_coli_k12__fba_a0.9__C__dir	fba_a0.9	MNXM733758	3	179	0.7560521415270018
e_coli_k12__fba_a0.9__C__dir	fba_a0.9	MNXM737068	2	180	0.5
e_coli_k12__fba_a0.9__C__dir	fba_a0.9	MNXM737340	2	180	0.43333333333333335
e_coli_k12__fba_a0.9__C__dir	fba_a0.9	MNXM738152	1	181	0.5
e_coli_k12__fba_a0.9__C__dir	fba_a0.9	MNXM738283	1	181	0.48342541436464087
e_coli_k12__fba_a0.9__C__dir	fba_a0.9	MNXM738702	2	180	0.2777777777777778
e_coli_k12__fba_a0.9__C__dir	fba_a0.9	MNXM75	1	181	0.4972375690607735
e_coli_k12__fba_a0.9__C__dir	fba_a0.9	MNXM81353	1	181	1.0
e_coli_k12__fba_a0.9__C__dir	fba_a0.9	MNXM872	4	178	0.42696629213483145
e_coli_k12__gem__C__dir	gem	MNXM1021	1	197	0.5
e_coli_k12__gem__C__dir	gem	MNXM108399	1	197	0.5
e_coli_k12__gem__C__dir	gem	MNXM1104965	1	197	0.5
e_coli_k12__gem__C__dir	gem	MNXM1104966	1	197	0.5
e_coli_k12__gem__C__dir	gem	MNXM1105732	2	196	0.46683673469387754
e_coli_k12__gem__C__dir	gem	MNXM1106145	1	197	0.5
e_coli_k12__gem__C__dir	gem	MNXM1106823	1	197	0.5
e_coli_k12__gem__C__dir	gem	MNXM1107139	1	197	0.5
e_coli_k12__gem__C__dir	gem	MNXM1108092	22	176	0.7196539256198347
e_coli_k12__gem__C__dir	gem	MNXM1108250	2	196	1.0
e_coli_k12__gem__C__dir	gem	MNXM11527	1	197	0.5
e_coli_k12__gem__C__dir	gem	MNXM118	1	197	0.9847715736040609
e_coli_k12__gem__C__dir	gem	MNXM1364595	3	195	0.5
e_coli_k12__gem__C__dir	gem	MNXM1364638	11	187	0.5053475935828877
e_coli_k12__gem__C__dir	gem	MNXM1364660	1	197	0.5
e_coli_k12__gem__C__dir	gem	MNXM1369382	1	197	0.5
e_coli_k12__gem__C__dir	gem	MNXM1370996	1	197	0.25380710659898476
e_coli_k12__gem__C__dir	gem	MNXM1371012	1	197	0.5
e_coli_k12__gem__C__dir	gem	MNXM1371362	12	186	0.7479838709677419
e_coli_k12__gem__C__dir	gem	MNXM1371363	3	195	0.45042735042735044
e_coli_k12__gem__C__dir	gem	MNXM1371610	1	197	0.5
e_coli_k12__gem__C__dir	gem	MNXM144	1	197	0.6903553299492385
e_coli_k12__gem__C__dir	gem	MNXM1510545	2	196	0.5
e_coli_k12__gem__C__dir	gem	MNXM156781	1	197	0.5
e_coli_k12__gem__C__dir	gem	MNXM16407	1	197	0.5
e_coli_k12__gem__C__dir	gem	MNXM1670	1	197	1.0
e_coli_k12__gem__C__dir	gem	MNXM1734	1	197	0.0
e_coli_k12__gem__C__dir	gem	MNXM1747	1	197	1.0
e_coli_k12__gem__C__dir	gem	MNXM1780	2	196	0.7487244897959183
e_coli_k12__gem__C__dir	gem	MNXM1812	1	197	0.5
e_coli_k12__gem__C__dir	gem	MNXM1997	1	197	1.0
e_coli_k12__gem__C__dir	gem	MNXM23	1	197	0.41624365482233505
e_coli_k12__gem__C__dir	gem	MNXM2496	1	197	0.5
e_coli_k12__gem__C__dir	gem	MNXM25	21	177	0.6645143933279527
e_coli_k12__gem__C__dir	gem	MNXM26	1	197	0.6142131979695431
e_coli_k12__gem__C__dir	gem	MNXM270	1	197	0.7969543147208121
e_coli_k12__gem__C__dir	gem	MNXM2757	2	196	0.5
e_coli_k12__gem__C__dir	gem	MNXM2800	1	197	0.5
e_coli_k12__gem__C__dir	gem	MNXM3085	2	196	0.9948979591836735
e_coli_k12__gem__C__dir	gem	MNXM3230	7	191	0.7857142857142857
e_coli_k12__gem__C__dir	gem	MNXM3288	2	196	1.0
e_coli_k12__gem__C__dir	gem	MNXM398	1	197	0.9796954314720813
e_coli_k12__gem__C__dir	gem	MNXM458	1	197	0.30456852791878175
e_coli_k12__gem__C__dir	gem	MNXM5188	3	195	0.4948717948717949
e_coli_k12__gem__C__dir	gem	MNXM55106	1	197	0.5
e_coli_k12__gem__C__dir	gem	MNXM602	1	197	0.8071065989847716
e_coli_k12__gem__C__dir	gem	MNXM6396	2	196	0.5
e_coli_k12__gem__C__dir	gem	MNXM704	1	197	0.9796954314720813
e_coli_k12__gem__C__dir	gem	MNXM729045	5	193	0.5
e_coli_k12__gem__C__dir	gem	MNXM731508	1	197	0.5
e_coli_k12__gem__C__dir	gem	MNXM733758	3	195	0.5
e_coli_k12__gem__C__dir	gem	MNXM734430	1	197	0.5
e_coli_k12__gem__C__dir	gem	MNXM737068	2	196	0.75
e_coli_k12__gem__C__dir	gem	MNXM737340	2	196	0.8775510204081632
e_coli_k12__gem__C__dir	gem	MNXM737751	1	197	0.5
e_coli_k12__gem__C__dir	gem	MNXM737752	2	196	0.5
e_coli_k12__gem__C__dir	gem	MNXM738152	2	196	0.002551020408163265
e_coli_k12__gem__C__dir	gem	MNXM738153	1	197	0.5
e_coli_k12__gem__C__dir	gem	MNXM738283	1	197	0.4847715736040609
e_coli_k12__gem__C__dir	gem	MNXM738702	2	196	0.44387755102040816
e_coli_k12__gem__C__dir	gem	MNXM75	1	197	0.39847715736040606
e_coli_k12__gem__C__dir	gem	MNXM81353	1	197	1.0
e_coli_k12__gem__C__dir	gem	MNXM872	4	194	0.5032216494845361
e_coli_k12__gem__C__und	gem	MNXM1021	1	197	0.5
e_coli_k12__gem__C__und	gem	MNXM108399	1	197	0.5
e_coli_k12__gem__C__und	gem	MNXM1104965	1	197	0.5
e_coli_k12__gem__C__und	gem	MNXM1104966	1	197	0.5
e_coli_k12__gem__C__und	gem	MNXM1105732	2	196	0.5994897959183674
e_coli_k12__gem__C__und	gem	MNXM1106145	1	197	0.5
e_coli_k12__gem__C__und	gem	MNXM1106823	1	197	0.5
e_coli_k12__gem__C__und	gem	MNXM1107139	1	197	0.5
e_coli_k12__gem__C__und	gem	MNXM1108092	22	176	0.7423811983471075
e_coli_k12__gem__C__und	gem	MNXM1108250	2	196	0.5
e_coli_k12__gem__C__und	gem	MNXM11527	1	197	0.5
e_coli_k12__gem__C__und	gem	MNXM118	1	197	0.9847715736040609
e_coli_k12__gem__C__und	gem	MNXM1364595	3	195	0.5
e_coli_k12__gem__C__und	gem	MNXM1364638	11	187	0.5
e_coli_k12__gem__C__und	gem	MNXM1364660	1	197	0.5
e_coli_k12__gem__C__und	gem	MNXM1369382	1	197	0.5
e_coli_k12__gem__C__und	gem	MNXM1370996	1	197	0.27411167512690354
e_coli_k12__gem__C__und	gem	MNXM1371012	1	197	0.5
e_coli_k12__gem__C__und	gem	MNXM1371362	12	186	0.6001344086021505
e_coli_k12__gem__C__und	gem	MNXM1371363	3	195	0.4111111111111111
e_coli_k12__gem__C__und	gem	MNXM1371610	1	197	0.5
e_coli_k12__gem__C__und	gem	MNXM144	1	197	0.7918781725888325
e_coli_k12__gem__C__und	gem	MNXM1510545	2	196	0.5
e_coli_k12__gem__C__und	gem	MNXM156781	1	197	0.5
e_coli_k12__gem__C__und	gem	MNXM16407	1	197	0.5
e_coli_k12__gem__C__und	gem	MNXM1670	1	197	1.0
e_coli_k12__gem__C__und	gem	MNXM1734	1	197	0.0
e_coli_k12__gem__C__und	gem	MNXM1747	1	197	1.0
e_coli_k12__gem__C__und	gem	MNXM1780	2	196	0.7487244897959183
e_coli_k12__gem__C__und	gem	MNXM1812	1	197	0.5
e_coli_k12__gem__C__und	gem	MNXM1997	1	197	0.5
e_coli_k12__gem__C__und	gem	MNXM23	1	197	0.45685279187817257
e_coli_k12__gem__C__und	gem	MNXM2496	1	197	0.5
e_coli_k12__gem__C__und	gem	MNXM25	21	177	0.6852300242130751
e_coli_k12__gem__C__und	gem	MNXM26	1	197	0.47715736040609136
e_coli_k12__gem__C__und	gem	MNXM270	1	197	0.8477157360406091
e_coli_k12__gem__C__und	gem	MNXM2757	2	196	0.5
e_coli_k12__gem__C__und	gem	MNXM2800	1	197	0.5
e_coli_k12__gem__C__und	gem	MNXM3085	2	196	0.9948979591836735
e_coli_k12__gem__C__und	gem	MNXM3230	7	191	0.7857142857142857
e_coli_k12__gem__C__und	gem	MNXM3288	2	196	1.0
e_coli_k12__gem__C__und	gem	MNXM398	1	197	0.9949238578680203
e_coli_k12__gem__C__und	gem	MNXM458	1	197	0.30456852791878175
e_coli_k12__gem__C__und	gem	MNXM5188	3	195	0.4948717948717949
e_coli_k12__gem__C__und	gem	MNXM55106	1	197	0.5
e_coli_k12__gem__C__und	gem	MNXM602	1	197	0.8477157360406091
e_coli_k12__gem__C__und	gem	MNXM6396	2	196	0.5
e_coli_k12__gem__C__und	gem	MNXM704	1	197	0.9796954314720813
e_coli_k12__gem__C__und	gem	MNXM729045	5	193	0.5
e_coli_k12__gem__C__und	gem	MNXM731508	1	197	0.5
e_coli_k12__gem__C__und	gem	MNXM733758	3	195	0.5
e_coli_k12__gem__C__und	gem	MNXM734430	1	197	0.5
e_coli_k12__gem__C__und	gem	MNXM737068	2	196	0.5
e_coli_k12__gem__C__und	gem	MNXM737340	2	196	0.8979591836734694
e_coli_k12__gem__C__und	gem	MNXM737751	1	197	0.5
e_coli_k12__gem__C__und	gem	MNXM737752	2	196	0.5
e_coli_k12__gem__C__und	gem	MNXM738152	2	196	0.49744897959183676
e_coli_k12__gem__C__und	gem	MNXM738153	1	197	0.5
e_coli_k12__gem__C__und	gem	MNXM738283	1	197	0.4847715736040609
e_coli_k12__gem__C__und	gem	MNXM738702	2	196	0.4719387755102041
e_coli_k12__gem__C__und	gem	MNXM75	1	197	0.733502538071066
e_coli_k12__gem__C__und	gem	MNXM81353	1	197	1.0
e_coli_k12__gem__C__und	gem	MNXM872	4	194	0.49677835051546393
e_coli_k12__trivial__C__dir	trivial	MNXM1021	1	208	0.5
e_coli_k12__trivial__C__dir	trivial	MNXM108399	1	208	0.5
e_coli_k12__trivial__C__dir	trivial	MNXM1093691	1	208	0.5
e_coli_k12__trivial__C__dir	trivial	MNXM1101868	1	208	0.49759615384615385
e_coli_k12__trivial__C__dir	trivial	MNXM1104266	2	207	0.45893719806763283
e_coli_k12__trivial__C__dir	trivial	MNXM1104774	1	208	0.5
e_coli_k12__trivial__C__dir	trivial	MNXM1104965	1	208	0.5
e_coli_k12__trivial__C__dir	trivial	MNXM1104966	1	208	0.5
e_coli_k12__trivial__C__dir	trivial	MNXM1105732	2	207	0.7475845410628019
e_coli_k12__trivial__C__dir	trivial	MNXM1106093	1	208	0.9903846153846154
e_coli_k12__trivial__C__dir	trivial	MNXM1106145	1	208	0.5
e_coli_k12__trivial__C__dir	trivial	MNXM1106823	1	208	0.5
e_coli_k12__trivial__C__dir	trivial	MNXM1107139	1	208	0.5
e_coli_k12__trivial__C__dir	trivial	MNXM1108092	22	187	0.6483957219251337
e_coli_k12__trivial__C__dir	trivial	MNXM1108250	2	207	1.0
e_coli_k12__trivial__C__dir	trivial	MNXM11527	1	208	0.5
e_coli_k12__trivial__C__dir	trivial	MNXM118	1	208	1.0
e_coli_k12__trivial__C__dir	trivial	MNXM1364497	1	208	0.4951923076923077
e_coli_k12__trivial__C__dir	trivial	MNXM1364595	3	206	0.5
e_coli_k12__trivial__C__dir	trivial	MNXM1364638	11	198	0.494949494949495
e_coli_k12__trivial__C__dir	trivial	MNXM1364660	1	208	0.5
e_coli_k12__trivial__C__dir	trivial	MNXM1368744	1	208	0.47836538461538464
e_coli_k12__trivial__C__dir	trivial	MNXM1369382	1	208	0.5
e_coli_k12__trivial__C__dir	trivial	MNXM1370996	1	208	0.5
e_coli_k12__trivial__C__dir	trivial	MNXM1371012	1	208	0.5
e_coli_k12__trivial__C__dir	trivial	MNXM1371362	12	197	0.5
e_coli_k12__trivial__C__dir	trivial	MNXM1371363	3	206	0.6666666666666666
e_coli_k12__trivial__C__dir	trivial	MNXM1371610	1	208	0.5
e_coli_k12__trivial__C__dir	trivial	MNXM144	1	208	0.49759615384615385
e_coli_k12__trivial__C__dir	trivial	MNXM1510545	2	207	0.5
e_coli_k12__trivial__C__dir	trivial	MNXM156781	1	208	0.5
e_coli_k12__trivial__C__dir	trivial	MNXM16407	1	208	0.5
e_coli_k12__trivial__C__dir	trivial	MNXM1670	1	208	0.9975961538461539
e_coli_k12__trivial__C__dir	trivial	MNXM1734	1	208	0.5
e_coli_k12__trivial__C__dir	trivial	MNXM1747	1	208	1.0
e_coli_k12__trivial__C__dir	trivial	MNXM1780	2	207	0.5
e_coli_k12__trivial__C__dir	trivial	MNXM1812	1	208	0.5
e_coli_k12__trivial__C__dir	trivial	MNXM1997	1	208	0.5
e_coli_k12__trivial__C__dir	trivial	MNXM23	1	208	0.44471153846153844
e_coli_k12__trivial__C__dir	trivial	MNXM2496	1	208	0.5
e_coli_k12__trivial__C__dir	trivial	MNXM25	21	188	0.5105116514690983
e_coli_k12__trivial__C__dir	trivial	MNXM26	1	208	0.47836538461538464
e_coli_k12__trivial__C__dir	trivial	MNXM270	1	208	1.0
e_coli_k12__trivial__C__dir	trivial	MNXM2757	2	207	0.5
e_coli_k12__trivial__C__dir	trivial	MNXM2800	1	208	0.5
e_coli_k12__trivial__C__dir	trivial	MNXM3085	2	207	0.9975845410628019
e_coli_k12__trivial__C__dir	trivial	MNXM3230	7	202	0.7857142857142857
e_coli_k12__trivial__C__dir	trivial	MNXM3288	2	207	0.5
e_coli_k12__trivial__C__dir	trivial	MNXM398	1	208	0.5
e_coli_k12__trivial__C__dir	trivial	MNXM458	1	208	0.49038461538461536
e_coli_k12__trivial__C__dir	trivial	MNXM5188	4	205	0.4951219512195122
e_coli_k12__trivial__C__dir	trivial	MNXM55106	1	208	0.5
e_coli_k12__trivial__C__dir	trivial	MNXM602	1	208	0.9975961538461539
e_coli_k12__trivial__C__dir	trivial	MNXM611798	1	208	0.5
e_coli_k12__trivial__C__dir	trivial	MNXM622492	2	207	0.5
e_coli_k12__trivial__C__dir	trivial	MNXM622611	1	208	0.5
e_coli_k12__trivial__C__dir	trivial	MNXM6396	2	207	0.5
e_coli_k12__trivial__C__dir	trivial	MNXM704	1	208	1.0
e_coli_k12__trivial__C__dir	trivial	MNXM728712	1	208	0.5
e_coli_k12__trivial__C__dir	trivial	MNXM729045	5	204	0.5
e_coli_k12__trivial__C__dir	trivial	MNXM731508	1	208	0.5
e_coli_k12__trivial__C__dir	trivial	MNXM733758	3	206	0.5
e_coli_k12__trivial__C__dir	trivial	MNXM734430	1	208	0.5
e_coli_k12__trivial__C__dir	trivial	MNXM737068	2	207	0.5
e_coli_k12__trivial__C__dir	trivial	MNXM737340	2	207	0.49033816425120774
e_coli_k12__trivial__C__dir	trivial	MNXM737751	1	208	0.5
e_coli_k12__trivial__C__dir	trivial	MNXM737752	2	207	0.5
e_coli_k12__trivial__C__dir	trivial	MNXM737787	2	207	0.4927536231884058
e_coli_k12__trivial__C__dir	trivial	MNXM738152	2	207	0.9951690821256038
e_coli_k12__trivial__C__dir	trivial	MNXM738153	1	208	0.5
e_coli_k12__trivial__C__dir	trivial	MNXM738283	1	208	0.4855769230769231
e_coli_k12__trivial__C__dir	trivial	MNXM738702	2	207	0.46859903381642515
e_coli_k12__trivial__C__dir	trivial	MNXM75	1	208	0.9783653846153846
e_coli_k12__trivial__C__dir	trivial	MNXM81353	1	208	1.0
e_coli_k12__trivial__C__dir	trivial	MNXM872	4	205	0.4975609756097561
